,away_current_pos,away_last_yr_pos,away_prev_game_perf,away_team_av_points,away_team_av_points_conceded,away_team_away_form,away_team_form,away_team_rest_time,away_win_percentage,h2h_form,home_current_pos,home_last_yr_pos,home_prev_game_perf,home_team_av_points,home_team_av_points_conceded,home_team_form,home_team_home_form,home_team_rest_time,home_win_percentage,match_importance,result,Date,away_team,home_team,month,year
0,12,12,0,20,20,0,0,7,50,0,2,2,0,20,20,0,0,7,50,0,1,7,Santo Andre,America Volei,11,2010
1,7,6,0,20,20,0,0,7,50,0,8,1,0,20,20,0,0,7,50,0,1,9,Fatima UCS,Cimed,11,2010
2,13,3,0,20,20,0,0,7,50,0,11,5,0,20,20,0,0,7,50,0,1,11,Sada Cruzeiro,Sesi,11,2010
3,15,8,0,20,20,0,0,7,50,0,11,4,0,20,20,0,0,7,50,0,1,11,Minas,Pinheiros,11,2010
4,13,3,0,20.4,20.64,-0.2,-0.2,2,0,0,3,4,1,20.85,20.55,0.4,0.4,2,100,0,0,13,Sada Cruzeiro,Pinheiros,11,2010
5,15,8,0,20.55,20.85,-0.4,-0.4,2,0,0,4,5,1,20.64,20.4,0.2,0.2,2,100,0,1,13,Minas,Sesi,11,2010
6,12,14,0,20,20,0,0,7,50,0,2,2,1,21.3333333333333,20.0666666666667,0.6,0.6,7,100,0,1,14,Londrina,America Volei,11,2010
7,9,13,0,20,20,0,0,7,50,0,3,1,1,21.1333333333333,20.4,0.6,0.6,5,100,0,1,14,Volta Redonda,Cimed,11,2010
8,12,14,0,19.2,21,-0.6,-0.6,5,0,0,7,9,0,20,20,0,0,7,50,0,0,19,Londrina,Ulbra Sao Caetano,11,2010
9,14,12,0,20.0666666666667,21.3333333333333,-0.6,-0.6,7,0,0,11,12,0,20,20,0,0,7,50,0,1,19,Santo Andre,Sao Bernardo,11,2010
10,10,11,0,20,20,0,0,7,50,0,8,9,0,20,20,0,0,7,50,0,1,19,Blumenau,Medley,11,2010
11,1,2,1,22.0666666666667,19.2533333333333,0,1.08,5,100,0,12,6,0,20.4,21.1333333333333,-0.6,0,7,0,0,0,19,America Volei,Fatima UCS,11,2010
12,15,8,0,21.09,21.68,-0.72,-0.72,7,0,0,8,3,1,21.6533333333333,21.4453333333333,0.44,0,7,50,0,1,20,Minas,Sada Cruzeiro,11,2010
13,7,14,1,20.04,21.28,-0.28,-0.28,1,50,0,6,12,1,20.32,20,0.2,0.2,1,100,0,1,20,Londrina,Sao Bernardo,11,2010
14,1,2,1,22.0133333333333,19.2826666666667,0.2,1.064,2,100,0,11,13,0,20.3333333333333,21,-0.6,0,7,0,0,0,21,America Volei,Volta Redonda,11,2010
15,3,1,1,21.9066666666667,20.6533333333333,0,1.08,7,100,0,6,9,1,21,19.5333333333333,0.6,0.6,2,100,0,0,21,Cimed,Medley,11,2010
16,14,12,0,20.0533333333333,21.3866666666667,-0.68,-0.68,2,0,0,9,9,0,20.48,20.68,-0.2,-0.2,2,0,0,0,21,Santo Andre,Ulbra Sao Caetano,11,2010
17,14,10,0,20,20,0,0,7,50,0,12,13,0,20.4,21.8,-1.08,-0.6,5,0,0,0,26,Volei Futuro,Volta Redonda,11,2010
18,5,3,1,22.2226666666667,20.6562666666667,0.44,0.752,6,66.6666666666667,0,10,12,1,20.9926666666667,21.5093333333333,-0.144,0,5,33.3333333333333,0,0,26,Sada Cruzeiro,Santo Andre,11,2010
19,4,12,1,21.256,19.5333333333333,0,0.76,6,100,0,1,2,1,22.6106666666667,19.5594666666667,1.4512,1.08,5,100,0,1,26,Sao Bernardo,America Volei,11,2010
20,6,9,0,20.6,20.6266666666667,0,-0.12,5,50,0,14,6,0,20.2,21.2666666666667,-0.68,-0.2,7,0,0,0,26,Medley,Fatima UCS,11,2010
21,6,5,1,21.512,20.97,0,0.56,7,100,0,2,1,1,22.5253333333333,20.3226666666667,1.464,1.08,5,100,0,0,26,Sesi,Cimed,11,2010
22,8,4,0,21.6133333333333,21.7733333333333,0,-0.28,7,50,0,12,11,0,19.5333333333333,21,-0.6,0,7,0,0,0,26,Pinheiros,Blumenau,11,2010
23,15,8,0,20.372,22.244,-0.976,-0.976,6,0,0,8,14,0,19.5653333333333,22.024,-0.824,0,6,33.3333333333333,0,0,26,Minas,Londrina,11,2010
24,5,9,1,20.8,20.7013333333333,0.2,0.104,2,66.6666666666667,0,14,13,0,20.56,21.64,-1.064,-0.68,2,0,0,1,28,Medley,Volta Redonda,11,2010
25,10,10,1,20.2,20.24,0.2,0.2,2,100,0,15,6,0,20.36,21.3333333333333,-0.744,-0.36,2,0,0,1,28,Volei Futuro,Fatima UCS,11,2010
26,3,5,1,22.4596,21.476,0.4,0.848,2,100,0,15,11,0,19.8266666666667,21.8,-1.08,-0.6,2,0,0,0,28,Sesi,Blumenau,11,2010
27,14,9,0,20.784,21.494,0,-0.56,7,0,0,1,2,1,22.9885333333333,19.9475733333333,1.56096,1.264,2,100,0,1,28,Ulbra Sao Caetano,America Volei,11,2010
28,4,3,1,22.7781333333333,20.4583466666667,0.952,1.2016,2,75,0,10,14,0,19.7856,22.6192,-1.2592,-0.6,2,25,0,0,28,Sada Cruzeiro,Londrina,11,2010
29,7,4,1,22.2906666666667,21.6186666666667,0.6,0.376,2,66.6666666666667,0,4,1,0,22.7202666666667,21.5081333333333,0.7712,0.464,2,75,0,1,28,Pinheiros,Cimed,11,2010
30,13,8,1,21.2976,21.9285333333333,-0.1808,-0.1808,2,25,0,12,12,0,20.7274666666667,22.2074666666667,-0.7152,-0.6,2,25,0,0,28,Minas,Santo Andre,11,2010
31,9,13,1,21.198,21.812,-0.6,-0.4512,4,25,0,3,5,1,22.96768,20.1141333333333,1.2784,0.56,4,100,0,1,2,Volta Redonda,Sesi,12,2010
32,14,9,0,20.9605333333333,22.1952,-0.6,-1.048,4,0,0,4,3,1,23.2225066666667,20.5000106666667,1.56128,0.4,4,80,0,1,2,Ulbra Sao Caetano,Sada Cruzeiro,12,2010
33,1,2,1,23.3908266666667,20.291392,0.76,1.848768,4,100,0,12,10,0,20.36,20.432,-0.04,0,4,50,0,1,2,America Volei,Volei Futuro,12,2010
34,6,12,0,21.3048,20.5266666666667,-0.4,0.208,6,66.6666666666667,0,9,8,1,22.03808,21.3428266666667,0.45536,0,4,40,0,1,2,Sao Bernardo,Minas,12,2010
35,12,14,0,19.9618133333333,23.09536,-0.824,-1.60736,4,20,0,4,1,1,22.2962133333333,21.2465066666667,0.81696,0.5712,4,80,0,1,2,Londrina,Cimed,12,2010
36,13,12,0,20.3819733333333,22.7659733333333,-0.144,-1.17216,4,20,0,15,11,0,18.7946666666667,22.44,-1.464,-1.08,4,0,0,1,2,Santo Andre,Blumenau,12,2010
37,12,6,1,20.528,21.2666666666667,-0.6,-0.3952,4,25,0,8,4,0,21.8725333333333,21.4149333333333,0.1008,-0.28,4,50,0,1,2,Fatima UCS,Pinheiros,12,2010
38,15,9,0,20.3684266666667,22.75616,-1.08,-1.4384,3,0,0,6,8,1,22.630464,20.740928,0.964288,0.6,3,50,0,1,5,Ulbra Sao Caetano,Minas,12,2010
39,1,2,0,22.8626613333333,21.0331136,0.208,1.0790144,3,85.7142857142857,0,7,9,0,21.14,21.3110666666667,-0.3168,-0.12,7,50,0,0,5,America Volei,Medley,12,2010
40,12,6,0,19.6224,22.0133333333333,-1.08,-0.91616,3,20,0,3,5,1,23.8408106666667,20.9579733333333,1.62272,1.048,3,100,0,1,5,Fatima UCS,Sesi,12,2010
41,11,13,0,21.8250666666667,22.9162666666667,-1.08,-0.96096,3,20,0,6,4,1,22.4980266666667,20.3319466666667,0.68064,0.376,3,60,0,1,5,Volta Redonda,Pinheiros,12,2010
42,8,12,0,20.7105066666667,21.4213333333333,-0.92,-0.4336,3,50,0,4,3,1,23.5780053333333,20.0000085333333,1.849024,0.92,3,83.3333333333333,0,1,5,Sao Bernardo,Sada Cruzeiro,12,2010
43,13,14,0,19.302784,23.476288,-1.2592,-1.885888,3,16.6666666666667,0,10,11,1,20.0357333333333,22.4186666666667,-0.5712,-0.264,3,25,0,0,5,Londrina,Blumenau,12,2010
44,14,12,0,20.7722453333333,23.2127786666667,-0.7152,-1.537728,3,16.6666666666667,0,4,1,1,22.8369706666667,20.3305386666667,1.253568,1.05696,3,83.3333333333333,0,1,5,Santo Andre,Cimed,12,2010
45,5,4,1,22.6984213333333,20.2655573333333,0.28,0.944512,4,66.6666666666667,0,7,9,0,21.512,22.0488533333333,-0.85344,-0.696,4,40,0,0,9,Pinheiros,Medley,12,2010
46,2,1,1,23.2695765333333,20.1977642666667,0.6,1.6028544,5,85.7142857142857,0,15,9,0,20.161408,23.204928,-1.75072,-0.56,5,0,0,0,10,Cimed,Ulbra Sao Caetano,12,2010
47,11,11,0,20.8785866666667,23.1349333333333,-0.6,-0.85696,5,20,0,8,12,0,20.9184053333333,22.1870666666667,-0.74688,0.76,5,40,0,1,10,Blumenau,Sao Bernardo,12,2010
48,12,13,0,21.4600533333333,23.0330133333333,-1.264,-1.168768,5,16.6666666666667,0,14,12,0,20.5511296,23.5702229333333,-1.8301824,-1.08,5,14.2857142857143,0,0,10,Volta Redonda,Santo Andre,12,2010
49,6,8,1,23.1043712,20.4594090666667,0.45536,1.3714304,5,57.1428571428571,0,1,2,1,23.2901290666667,21.42649088,1.46321152,1.6112,5,87.5,0,1,10,Minas,America Volei,12,2010
50,3,5,1,24.2726485333333,20.6330453333333,0.92,1.898176,5,100,0,11,10,1,21.088,20.4956,0.368,0.4,7,66.6666666666667,0,0,10,Sesi,Volei Futuro,12,2010
51,13,6,0,19.5645866666667,22.8106666666667,-1.464,-1.332928,5,16.6666666666667,0,10,14,1,20.6422272,23.6310304,-1.1087104,-1.08,5,28.5714285714286,0,1,10,Fatima UCS,Londrina,12,2010
52,12,11,0,20.7028693333333,23.2079466666667,-0.88,-1.085568,1,16.6666666666667,0,15,9,0,20.0624597333333,23.6306090666667,-2.000576,-1.048,1,0,0,0,11,Blumenau,Ulbra Sao Caetano,12,2010
53,5,4,1,23.1587370666667,20.4791125333333,0.824,1.3556096,2,71.4285714285714,0,12,10,0,20.8704,20.79648,0.0944,0.12,1,50,0,1,11,Pinheiros,Volei Futuro,12,2010
54,13,6,0,18.9850026666667,23.2485333333333,-1.7712,-1.6663424,1,14.2857142857143,0,14,12,0,20.64090368,23.2161783466667,-1.66414592,-1.064,1,12.5,0,0,11,Fatima UCS,Santo Andre,12,2010
55,3,5,1,23.8181188266667,20.5064362666667,0.936,1.7185408,2,100,0,10,9,0,21.4762666666667,22.6390826666667,-1.282752,-1.1568,3,33.3333333333333,0,0,12,Sesi,Medley,12,2010
56,4,3,1,23.9124042666667,20.3500068266667,1.3616,1.8792192,7,85.7142857142857,0,1,2,1,23.6321032533333,20.941192704,1.770569216,1.88896,2,88.8888888888889,0,1,12,Sada Cruzeiro,America Volei,12,2010
57,12,13,1,21.5280426666667,22.6264106666667,-0.8112,-0.7350144,2,28.5714285714286,0,8,14,1,21.51378176,22.2381576533333,-0.28696832,-0.264,2,37.5,0,1,12,Volta Redonda,Londrina,12,2010
58,3,1,1,23.6823278933333,20.0915447466667,1.08,1.88228352,4,87.5,0,9,10,1,21.69632,21.037184,0.67552,0.696,3,60,0,0,14,Cimed,Volei Futuro,12,2010
59,10,9,0,21.2810133333333,23.0112661333333,-0.24,-1.4262016,3,28.5714285714286,0,7,8,0,22.28349696,21.3675272533333,0.49714432,1.08,5,50,0,1,15,Medley,Minas,12,2010
60,8,12,1,21.4347242666667,21.7496533333333,-1.136,-0.197504,6,50,0,5,4,0,22.9269896533333,21.3832900266667,0.48448768,0.7008,5,62.5,0,1,16,Sao Bernardo,Pinheiros,12,2010
61,3,5,1,23.9544950613333,20.5051490133333,1.1488,1.77483264,5,100,0,15,9,0,19.8999677866667,23.6044872533333,-2.0004608,-1.2384,6,0,0,0,17,Sesi,Ulbra Sao Caetano,12,2010
62,9,10,0,22.197056,21.8297472,-0.04,0.340416,3,50,0,5,3,0,23.6632567466667,21.4800054613333,0.90337536,1.136,5,75,0,1,17,Volei Futuro,Sada Cruzeiro,12,2010
63,10,9,0,21.0748106666667,23.2590129066667,-0.592,-1.54096128,4,25,0,4,3,1,23.9806053973333,21.4340043690667,1.122700288,1.3088,2,77.7777777777778,0,1,19,Medley,Sada Cruzeiro,12,2010
64,9,10,0,22.0076448,22.51379776,-0.432,-0.1276672,2,42.8571428571429,0,6,8,1,22.676797568,21.1440218026667,0.797715456,1.264,4,55.5555555555556,0,0,19,Volei Futuro,Minas,12,2010
65,14,12,0,21.112722944,23.5729426773333,-1.17216,-1.931316736,7,11.1111111111111,0,7,14,1,22.211025408,22.0571927893333,0.370425344,0.3888,7,44.4444444444444,0,1,19,Santo Andre,Londrina,12,2010
66,5,4,1,23.3415917226667,21.173298688,0.0592,0.987590144,3,66.6666666666667,0,2,5,1,23.4435960490667,20.1241192106667,1.619866112,1.4384,2,100,0,1,19,Pinheiros,Sesi,12,2010
67,13,6,1,20.1880021333333,23.1988266666667,-0.81696,-0.73307392,7,25,0,11,11,1,21.2622954666667,22.4163573333333,-0.4684544,-0.6112,7,28.5714285714286,0,1,21,Fatima UCS,Blumenau,12,2010
68,8,10,1,22.00611584,22.451038208,-0.1456,0.09786624,3,50,0,11,9,0,21.3265152,23.6072103253333,-1.832769024,-1.32544,3,22.2222222222222,0,1,22,Volei Futuro,Medley,12,2010
69,5,4,0,23.0732733781333,22.1386389504,-0.35264,0.3900721152,4,60,0,15,9,0,19.6399742293333,23.1635898026667,-1.80036864,-1.19072,6,0,0,0,23,Pinheiros,Ulbra Sao Caetano,12,2010
70,1,5,1,23.9548768392533,20.4992953685333,1.11904,1.6958928896,4,100,0,11,12,0,21.21444608,22.3997226666667,-0.7580032,1.008,7,42.8571428571429,0,0,23,Sesi,Sao Bernardo,12,2010
71,10,11,1,22.0098363733333,22.1997525333333,-0.304,0.22523648,7,37.5,0,3,1,1,23.9458623146667,20.9132357973333,1.705826816,1.445568,7,88.8888888888889,0,1,31,Blumenau,Cimed,12,2010
72,8,10,0,21.724892672,22.4008305664,-0.31648,-0.121707008,7,44.4444444444444,0,6,14,1,22.7688203264,21.5124208981333,0.8963402752,0.91104,7,50,0,1,5,Volei Futuro,Londrina,1,2011
73,7,8,0,22.5814380544,21.3152174421333,-0.235712,0.4381723648,7,50,0,10,11,0,20.941202432,22.7598020266667,-0.419810816,0.11104,6,33.3333333333333,0,0,6,Minas,Blumenau,1,2011
74,15,9,0,19.6619793834667,23.4308718421333,-1.464,-1.840294912,7,0,0,12,13,0,21.4891008,23.1011285333333,-1.18801152,-0.144,7,25,0,1,7,Ulbra Sao Caetano,Volta Redonda,1,2011
75,9,9,1,21.50121216,23.0057682602667,-1.0736,-1.2662152192,7,30,0,14,12,0,20.7568450218667,23.8583541418667,-2.1450533888,-1.4512,7,10,0,0,7,Medley,Santo Andre,1,2011
76,2,2,1,24.1056826026667,21.2862874965333,0.7664,2.0164553728,7,90,0,1,5,1,24.1639014714027,19.93276962816,1.95671431168,1.55072,7,100,0,1,7,America Volei,Sesi,1,2011
77,12,12,0,20.5048901973333,22.9197781333333,-1.5088,-1.20640256,7,37.5,0,13,6,0,20.4170683733333,23.5590613333333,-1.186459136,-0.088,7,22.2222222222222,0,0,7,Sao Bernardo,Fatima UCS,1,2011
78,4,3,1,24.1844843178667,21.61387016192,0.48928,1.4981602304,7,80,0,3,1,1,24.1566898517333,20.0639219712,1.9646614528,1.7564544,7,90,0,0,7,Sada Cruzeiro,Cimed,1,2011
79,7,8,1,22.86515044352,21.3521739537067,0.2114304,0.75053789184,2,54.5454545454545,0,3,1,0,23.3253518813867,19.97113757696,1.37172916224,1.20516352,1,81.8181818181818,0,1,8,Minas,Cimed,1,2011
80,9,12,1,21.2539121578667,22.5358225066667,-0.80704,-0.565122048,1,44.4444444444444,0,12,13,1,22.04128064,23.0809028266667,-0.550409216,0.2848,1,33.3333333333333,0,1,8,Sao Bernardo,Volta Redonda,1,2011
81,11,10,0,21.7799141376,23.12066445312,-0.853184,-0.6973656064,3,40,0,14,12,0,21.2054760174933,24.55334998016,-2.31604271104,-1.76096,1,9.09090909090909,0,0,8,Volei Futuro,Santo Andre,1,2011
82,3,2,0,23.4845460821333,21.0690299972267,0.41312,1.41316429824,2,81.8181818181818,0,5,4,1,23.3586187025067,21.66091116032,0.71205769216,1.16064,7,63.6363636363636,0,1,9,America Volei,Pinheiros,1,2011
83,15,9,0,20.3295835067733,23.5946974737067,-1.5712,-1.8722359296,2,0,0,13,6,0,20.5336546986667,23.6972490666667,-1.3491673088,-0.4704,2,20,0,1,9,Ulbra Sao Caetano,Fatima UCS,1,2011
84,4,3,1,23.2675874542933,21.291096129536,0.591424,1.39852818432,2,81.8181818181818,0,12,11,0,21.0529619456,23.0078416213333,-0.7358486528,-0.311168,3,30,0,0,9,Sada Cruzeiro,Blumenau,1,2011
85,9,9,1,22.6676363946667,23.0046146082133,-0.25888,-0.41297217536,2,36.3636363636364,0,6,14,1,23.41505626112,21.6099367185067,1.31707222016,1.328832,4,54.5454545454545,0,1,9,Medley,Londrina,1,2011
86,11,12,0,21.0831297262933,22.5486580053333,-0.845632,-0.6520976384,4,40,0,8,10,1,22.37393131008,22.496531562496,-0.15789248512,0.3568,4,45.4545454545455,0,0,12,Sao Bernardo,Volei Futuro,1,2011
87,6,14,1,22.812045008896,21.4879493748053,-0.60736,1.253657776128,5,58.3333333333333,0,1,5,1,23.3711211771221,20.146215702528,1.765371449344,1.440576,7,100,0,0,14,Londrina,Sesi,1,2011
88,11,13,1,22.153024512,22.5447222613333,-1.24896,-0.2403273728,6,40,0,3,3,1,23.8140699634347,21.0328769036288,1.718822547456,1.64704,5,83.3333333333333,0,1,14,Volta Redonda,Sada Cruzeiro,1,2011
89,15,9,0,20.1436668054187,22.6357579789653,-1.45696,-1.69778874368,5,0,0,10,9,0,22.3341091157333,22.4836916865707,-0.530377740288,-0.860352,5,33.3333333333333,0,1,14,Ulbra Sao Caetano,Medley,1,2011
90,12,11,0,20.84236955648,23.6062732970667,-0.8432,-1.18867892224,5,27.2727272727273,0,4,2,0,23.2276368657067,21.3352239977813,0.930531438592,2.111168,5,75,0,1,14,Blumenau,America Volei,1,2011
91,13,6,1,20.1869237589333,22.8377992533333,-1.253568,-0.87933384704,5,27.2727272727273,0,7,8,0,22.452120354816,21.3617391629653,0.400430313472,0.8112,6,50,0,1,14,Fatima UCS,Minas,1,2011
92,14,12,0,20.9643808139947,24.592679984128,-1.537728,-2.252834168832,6,8.33333333333333,0,6,4,1,23.1668949620053,21.768728928256,0.769646153728,1.128512,5,66.6666666666667,0,1,14,Santo Andre,Pinheiros,1,2011
93,13,6,0,20.1995390071467,23.1702394026667,-1.4028544,-1.103467077632,2,25,0,2,3,1,24.0512559707477,20.9596348562364,1.9750580379648,1.917632,2,84.6153846153846,0,1,16,Fatima UCS,Sada Cruzeiro,1,2011
94,11,13,0,21.8557529429333,23.0357778090667,-1.599168,-0.79226189824,2,36.3636363636364,0,7,8,1,22.8616962838528,21.1393913303723,0.7203442507776,1.04896,2,53.8461538461539,0,0,16,Volta Redonda,Minas,1,2011
95,10,12,1,21.2665037810347,22.3989264042667,-0.4765056,-0.32167811072,4,45.4545454545455,0,8,9,1,22.8672872925867,21.3869533492565,0.1756978077696,-0.0882816,2,38.4615384615385,0,1,16,Sao Bernardo,Medley,1,2011
96,14,12,0,20.6381713178624,24.6741439873024,-1.8301824,-2.4022673350656,2,7.69230769230769,0,1,5,0,23.2568969416977,20.6369725620224,1.2122971594752,0.9524608,2,92.3076923076923,0,1,16,Santo Andre,Sesi,1,2011
97,6,14,1,22.7696360071168,21.7503594998443,-0.285888,1.2029262209024,2,61.5384615384615,0,5,4,1,23.5335159696043,21.2816498092715,1.2157169229824,1.5028096,2,69.2307692307692,0,1,16,Londrina,Pinheiros,1,2011
98,4,1,1,22.9402815051093,20.136910061568,1.064,1.297383329792,7,83.3333333333333,0,3,2,1,23.9821094925653,21.9348458648917,1.3444251508736,2.2889344,2,76.9230769230769,0,0,16,Cimed,America Volei,1,2011
99,15,9,0,19.5149334443349,23.1086063831723,-1.765568,-1.958230994944,2,0,0,11,10,0,22.259145048064,22.3972252499968,-0.326313988096,0.08544,4,41.6666666666667,0,1,16,Ulbra Sao Caetano,Volei Futuro,1,2011
100,15,9,0,19.651946755468,23.2068851065378,-1.6124544,-1.7665847959552,4,0,0.2,1,5,1,23.6055175533582,20.2429113829513,1.56983772758016,1.36196864,4,92.8571428571429,0,1,20,Ulbra Sao Caetano,Sesi,1,2011
101,3,1,1,23.2022252040875,20.1095280492544,1.2512,1.4379066638336,4,84.6153846153846,0,11,12,0,21.6132030248277,22.8691411234133,-0.657342488576,0.2064,4,41.6666666666667,0,0,20,Cimed,Sao Bernardo,1,2011
102,12,11,0,21.5405623118507,24.2850186376533,-1.27456,-1.550943137792,6,25,0,9,10,1,22.5273160384512,21.9577801999974,-0.0610511904768,0.268352,4,46.1538461538462,0,1,20,Blumenau,Volei Futuro,1,2011
103,9,9,1,23.2438298340693,21.7095626794052,-0.407104,0.54055824621568,6,42.8571428571429,-0.2,7,10,1,23.021852830761,21.366224159998,0.55115904761856,0.8146816,2,50,0,1,22,Medley,Volei Futuro,1,2011
104,11,12,0,21.6405624198622,23.1953128987307,-0.78120448,-0.9258739908608,2,38.4615384615385,0,15,9,0,20.1215574043744,23.4655080852303,-1.81326783676416,-1.352576,2,0,0,0,22,Sao Bernardo,Ulbra Sao Caetano,1,2011
105,6,14,0,22.2823754723601,22.4002875998754,-0.8287104,0.36234097672192,6,57.1428571428571,-0.6,14,12,0,20.2438703876233,24.7393151898419,-2.52181386805248,-1.808768,6,7.14285714285714,0,0,22,Londrina,Santo Andre,1,2011
106,3,3,1,24.2410047765982,20.4343745516558,1.0731392,2.18004643037184,7,85.7142857142857,-0.4,8,8,0,21.9560236937489,21.9115130642978,-0.02372459937792,0.239168,7,50,0,0,23,Sada Cruzeiro,Minas,1,2011
107,11,13,1,22.4846023543467,22.09528891392,-0.6793344,-0.033809518592,7,41.6666666666667,0,13,6,0,19.826297872384,23.5361915221333,-1.4827736621056,-0.17632,7,23.0769230769231,0,1,23,Volta Redonda,Fatima UCS,1,2011
108,3,1,1,23.46178016327,20.4376224394035,1.40096,1.55032533106688,3,85.7142857142857,-0.6,13,11,0,21.0324498494805,24.4280149101227,-1.8407545102336,-0.8489344,3,23.0769230769231,0,0,23,Cimed,Blumenau,1,2011
109,1,5,1,23.7844140426865,20.594329106361,1.495232,1.65587018206413,5,93.3333333333333,-0.4,5,4,1,23.8268127756834,21.0919865140838,1.57257353838592,1.80224768,7,71.4285714285714,0,0,25,Sesi,Pinheiros,1,2011
110,8,8,0,21.8148189549991,22.3292104514383,-0.03085568,-0.418979679502336,3,46.6666666666667,-0.4,9,9,0,22.6617305339221,22.3676501435242,-0.167553403027456,0.32937472,4,40,0,0,26,Minas,Medley,1,2011
111,13,11,0,21.4259598795844,24.7424119280981,-1.619648,-2.07260360818688,5,21.4285714285714,0,11,13,0,21.854348550144,22.676231131136,-0.6270476148736,0.42784,5,38.4615384615385,0,0,28,Blumenau,Volta Redonda,1,2011
112,4,2,0,23.1856875940523,22.3978766919134,0.130496,0.67554012069888,7,71.4285714285714,-0.6,14,12,0,20.3284296434319,24.7914521518735,-2.61745109444198,-2.0470144,6,6.66666666666667,0,0,28,America Volei,Santo Andre,1,2011
113,2,1,1,23.969424130616,20.9500979515228,1.720768,1.8402602648535,5,86.6666666666667,-0.6,13,6,1,20.8610382979072,22.6956198843733,-0.58621892968448,0.458944,5,28.5714285714286,0,0,28,Cimed,Fatima UCS,1,2011
114,5,4,0,23.4114502205467,21.6735892112671,0.117888,0.858058830708737,3,66.6666666666667,-0.6,10,12,1,22.5124499358898,23.4562503189845,-0.34069919268864,-0.23488,6,42.8571428571429,0,1,28,Pinheiros,Sao Bernardo,1,2011
115,3,3,1,24.1928038212786,20.5974996413246,1.25851136,2.14403714429747,6,86.6666666666667,-0.4,7,10,1,23.4174822646088,21.159645994665,1.04092723809485,1.25174528,7,53.3333333333333,0,0,29,Sada Cruzeiro,Volei Futuro,1,2011
116,2,1,1,24.1755393044928,20.4934116945516,1.9766144,2.0722082118828,1,87.5,-0.6,11,13,0,22.1501455067819,23.3409849049088,-1.10163809189888,-0.257728,1,35.7142857142857,0,0,29,Cimed,Volta Redonda,1,2011
117,9,12,1,22.5599599487118,22.8650002551876,-0.224963584,0.127440645849088,2,46.6666666666667,0.6,2,5,1,23.8275312341492,20.8254632850888,1.7246961456513,1.489574912,5,93.75,0,1,30,Sao Bernardo,Sesi,1,2011
118,12,11,1,22.3407679036675,24.4605962091452,-0.6957184,-1.0580828865495,2,26.6666666666667,-0.6,13,6,0,20.4221639716591,23.1564959074987,-1.06897514374758,-0.2328448,2,26.6666666666667,0,1,30,Blumenau,Fatima UCS,1,2011
119,15,9,0,20.9972459234995,23.9724064681842,-1.68996352,-1.85061426941133,7,0,0.4,5,4,0,22.8291601764374,21.8888713690137,0.286447064566989,1.041798144,2,62.5,0,1,30,Ulbra Sao Caetano,Pinheiros,1,2011
120,3,3,1,24.6209097236895,20.7446663797264,1.606809088,2.31522971543798,2,87.5,-0.6,10,9,0,22.3693844271377,22.0141201148193,-0.334042722421965,0.063499776,5,37.5,0,1,31,Sada Cruzeiro,Medley,1,2011
121,8,8,1,21.5718551639993,22.1033683611506,0.175315456,-0.135183743601869,5,50,0.2,7,10,0,23.0006524783537,22.1943834623987,0.232741790475878,0.401396224,2,50,0,0,31,Minas,Volei Futuro,1,2011
122,4,2,1,23.2985500752418,22.1683013535307,0.5043968,0.940432096559104,3,73.3333333333333,-0.6,6,14,1,22.8259003778881,22.0535634132337,0.889872781377536,1.2630656,7,60,0,0,31,America Volei,Londrina,1,2011
123,1,5,1,23.8620249873194,20.760370628071,1.5961856,1.77975691652104,4,94.1176470588235,-0.4,7,8,1,22.2574841311994,21.4160280222538,0.491853005118505,-0.2086656,3,52.9411764705882,0,0,3,Sesi,Minas,2,2011
124,5,4,1,23.1633281411499,21.3110970952109,-0.3056896,0.629157651653591,4,64.7058823529412,0.6,3,3,0,23.8967277789516,21.2457331037811,1.45218377235038,2.1341056,3,82.3529411764706,0,1,3,Pinheiros,Sada Cruzeiro,2,2011
125,8,10,0,22.1338553160163,22.755506769919,-0.2825472,-0.413806567619297,4,47.0588235294118,0.2,2,1,1,24.3404314435942,20.1280626889746,2.25776656950624,1.164130816,6,88.2352941176471,0,1,4,Volei Futuro,Cimed,2,2011
126,10,12,0,22.1479679589694,23.0920002041501,-0.5799708672,-0.29804748332073,5,43.75,-0.2,14,12,0,20.5127437147455,24.5831617214988,-2.49396087555359,-2.03761152,7,6.25,0,1,4,Sao Bernardo,Santo Andre,2,2011
127,12,6,1,21.4710645106606,22.9251967259989,-1.72228352,-0.255180114998067,5,31.25,0.2,4,2,1,23.6388400601935,21.2013077494912,1.35234567724728,1.43114752,4,75,0,1,4,Fatima UCS,America Volei,2,2011
128,9,9,1,22.5455075417102,21.8112960918555,-0.9256832,0.132765822062428,4,41.1764705882353,-0.6,13,11,0,22.272614322934,24.7018103006495,-1.4464663092396,-1.27914752,5,25,0,0,4,Medley,Blumenau,2,2011
129,15,9,0,20.5977967387996,24.0779251745474,-1.751970816,-1.88049141552906,5,0,0.2,6,14,0,21.7273869689771,22.6428507305869,0.111898225102029,0.41045248,4,56.25,0,1,4,Ulbra Sao Caetano,Londrina,2,2011
130,1,5,1,23.9896199898555,21.0082965024568,1.67694848,1.82380553321683,2,94.4444444444444,-0.2,3,3,1,24.0173822231613,21.0965864830249,1.56174701788031,2.10728448,2,83.3333333333333,0,0,5,Sesi,Sada Cruzeiro,2,2011
131,15,9,0,20.6782373910397,24.2623401396379,-2.0015766528,-2.10439313242325,1,0,0.4,14,12,1,21.1101949717964,24.2665293771991,-1.59516870044287,-1.230089216,1,11.7647058823529,0,0,5,Ulbra Sao Caetano,Santo Andre,2,2011
132,9,10,0,21.907084252813,23.2044054159352,-0.82603776,-0.931045254095438,2,44.4444444444444,-0.6,13,11,0,22.2847581250139,25.0947815738529,-1.75717304739168,-1.623318016,2,23.5294117647059,0,0,6,Volei Futuro,Blumenau,2,2011
133,11,13,0,21.4534497387588,23.672787923927,-1.14346752,-1.4813104735191,7,33.3333333333333,0.6,4,2,1,23.9110720481548,20.6277128662597,1.68187654179783,1.744918016,2,76.4705882352941,0,1,6,Volta Redonda,America Volei,2,2011
134,9,9,1,23.3697393667015,21.915703540151,-0.14054656,0.706212657649943,2,44.4444444444444,0.6,2,1,1,24.4723451548754,20.3024501511797,2.40621325560499,1.5313046528,2,88.8888888888889,0,1,6,Medley,Cimed,2,2011
135,10,12,0,22.3183743671756,23.1736001633201,-0.86397669376,-0.638437986656584,2,41.1764705882353,-0.6,6,14,1,22.3819095751817,22.3142805844695,0.689518580081623,0.928361984,2,58.8235294117647,0,1,6,Sao Bernardo,Londrina,2,2011
136,6,4,0,22.6306625129199,21.9488776761687,-0.64455168,0.103326121322873,3,61.1111111111111,-0.4,8,8,0,22.2059873049596,22.0328224178031,-0.006517595905196,-0.56693248,3,50,0,1,6,Pinheiros,Minas,2,2011
137,5,14,1,22.9055276601454,21.784757800909,-0.06296832,1.1516148640653,3,61.1111111111111,0.6,7,8,1,22.7647898439676,21.8762579342425,0.394785923275843,-0.053545984,3,52.6315789473684,0,1,9,Londrina,Minas,2,2011
138,4,2,1,24.2288576385238,20.7021702930077,1.00351744,1.74550123343826,5,77.7777777777778,-0.4,10,12,0,21.7880328270738,23.5388801306561,-1.11075038932527,0.212096,5,38.8888888888889,0,0,11,America Volei,Sao Bernardo,2,2011
139,5,14,0,22.5744221281163,22.2278062407272,-0.450374656,0.521291891252239,2,57.8947368421053,0.6,4,3,0,23.663905778529,21.7772691864199,0.849397614304245,1.285827584,6,78.9473684210526,0,1,11,Londrina,Sada Cruzeiro,2,2011
140,12,6,0,20.8435182751952,23.3401573807992,-1.977826816,-0.804144091998454,7,29.4117647058824,0.2,9,9,0,23.1957914933612,22.3325628321208,0.164970126119954,0.4507998208,5,42.1052631578947,0,1,11,Fatima UCS,Medley,2,2011
141,11,13,0,21.3627597910071,24.0382303391416,-1.314774016,-1.58504837881528,5,31.25,0.2,9,10,1,22.5923340689171,23.1635243327481,-0.14483620327635,-0.2788830208,5,47.3684210526316,0,1,11,Volta Redonda,Volei Futuro,2,2011
142,14,12,0,21.0881559774371,24.4132235017593,-2.06414592,-1.8761349603543,6,11.1111111111111,0.6,7,8,1,23.0118318751741,21.751006347394,0.715828738620675,0.3571632128,2,55,0,1,11,Santo Andre,Minas,2,2011
143,13,11,0,22.4278065000111,25.142491925749,-1.15657472,-2.00573843791335,5,22.2222222222222,0.6,7,4,0,22.3545300103359,22.559102140935,-0.317339102941701,1.2334385152,5,57.8947368421053,0,1,11,Blumenau,Pinheiros,2,2011
144,2,1,1,24.3778761239003,20.7419601209437,2.18129152,2.324970604484,5,89.4736842105263,0.4,1,5,1,24.0916959918844,21.2566372019655,1.85904442657347,1.5916599296,6,94.7368421052632,0,0,11,Cimed,Sesi,2,2011
145,4,2,1,23.9430861108191,21.0817362344062,1.002813952,1.59640098675061,1,78.9473684210526,-0.6,15,9,1,21.5425899128317,23.6098721117103,-1.0835145059386,-1.4820608,7,5.55555555555556,0,1,12,America Volei,Ulbra Sao Caetano,2,2011
146,1,1,1,24.6356342324536,21.0602347634217,2.345033216,2.4599764835872,1,90,-0.2,5,4,1,22.3636240082688,22.247281712748,-0.053871282353361,1.18675081216,1,60,0,0,12,Cimed,Pinheiros,2,2011
147,15,12,0,20.8705247819497,23.9705788014074,-1.851316736,-1.70090796828344,2,10.5263157894737,0.6,3,3,1,23.9311246228232,21.4218153491359,1.2795180914434,1.6286620672,2,80,0,1,13,Santo Andre,Sada Cruzeiro,2,2011
148,11,13,0,20.9702078328057,23.7505842713133,-1.2518192128,-1.46803870305223,2,29.4117647058824,-0.4,9,9,1,23.4566331946889,22.0660502656967,0.531976100895963,0.76063985664,2,45,0,1,13,Volta Redonda,Medley,2,2011
149,13,11,0,22.1422452000089,24.5939935405992,-1.125259776,-1.80459075033068,2,21.0526315789474,0.6,2,5,0,23.7400234601742,22.1386430949057,0.887235541258774,0.67332794368,2,90,0,1,13,Blumenau,Sesi,2,2011
150,12,6,0,20.8748146201561,23.5721259046393,-1.9822614528,-1.04331527359876,2,27.7777777777778,-0.2,9,10,1,22.5938672551337,22.4108194661985,0.08413103737892,-0.02310641664,2,50,0,1,13,Fatima UCS,Volei Futuro,2,2011
151,2,5,1,23.5920187681394,22.0109144759246,1.741558784,1.10978843300702,5,90.4761904761905,-0.6,11,13,0,20.7761662662445,23.3204674170506,-1.37443096244178,-0.8061824,5,27.7777777777778,0,0,18,Sesi,Volta Redonda,2,2011
152,6,8,1,22.8494655001393,21.4008050779152,0.7402523648,0.77266299089654,7,57.1428571428571,-0.6,14,9,1,22.1340719302654,23.8378976893683,-0.46681160475088,-0.78564864,6,10.5263157894737,0,0,18,Minas,Ulbra Sao Caetano,2,2011
153,3,3,1,24.1448996982586,20.6707856126421,0.8854472704,1.62361447315472,5,80.952380952381,-0.4,10,12,0,21.950426261659,23.3911041045249,-1.08860031146021,-0.0303232,7,36.8421052631579,0,1,18,Sada Cruzeiro,Sao Bernardo,2,2011
154,6,4,0,22.590899206615,22.2478253701984,-0.915641344,-0.443097025882689,6,57.1428571428571,-0.6,12,6,0,20.5665183627916,23.8577007237115,-1.43465221887901,0.41372416,5,26.3157894736842,0,1,18,Pinheiros,Fatima UCS,2,2011
155,8,10,1,23.0750938041069,21.7953222396255,-0.060830208,0.667304829903136,6,52.3809523809524,-0.4,4,2,0,24.1044688886552,21.7653889875249,0.877120789400488,1.7959344128,7,75,0,1,19,Volei Futuro,America Volei,2,2011
156,3,3,0,23.5559197586069,20.3766284901137,0.50835781632,1.09889157852377,1,77.2727272727273,-0.6,14,9,0,21.9072575442123,24.0703181514946,-0.973449283800704,-1.228518912,1,10,0,0,19,Sada Cruzeiro,Ulbra Sao Caetano,2,2011
157,6,4,0,22.592719365292,22.1182602961587,-0.9325130752,-0.554477620706151,1,54.5454545454545,-0.4,12,13,0,21.1409330129956,23.0163739336405,-1.29954476995343,-0.84494592,1,26.3157894736842,0,0,19,Pinheiros,Volta Redonda,2,2011
158,6,8,1,23.2795724001114,21.3206440623321,1.19220189184,1.21813039271723,2,59.0909090909091,-0.6,10,12,1,21.4003410093272,22.9528832836199,-0.670880249168171,0.17574144,2,40,0,0,20,Minas,Sao Bernardo,2,2011
159,1,5,1,23.2336150145115,22.1287315807397,1.5932470272,1.08783074640562,2,90.9090909090909,-0.6,11,6,1,20.7732146902333,23.6061605789692,-0.947721775103209,0.530979328,2,30,0,0,20,Sesi,Fatima UCS,2,2011
160,9,9,1,23.0853065557512,21.6528402125573,-0.512437248,0.625580880716771,7,47.6190476190476,0.6,4,2,1,23.9335751109242,21.66231119002,1.10169663152039,1.83674753024,3,76.1904761904762,0,0,22,Medley,America Volei,2,2011
161,15,12,0,20.2297531588931,24.1764630411259,-2.0810533888,-1.96072637462675,7,10,0.2,12,13,0,20.9127464103965,23.2130991469124,-1.43963581596274,-1.075956736,6,25,0,0,25,Santo Andre,Volta Redonda,2,2011
162,9,10,0,22.7100750432856,22.0862577917004,-0.4486641664,0.133843863922509,6,50,0.2,1,5,1,23.8535586782759,22.2363185979251,1.47026459712449,0.938662354944,5,91.304347826087,0,1,25,Volei Futuro,Sesi,2,2011
163,4,2,0,23.6468600887394,22.129848952016,0.4022511616,0.481357305216312,3,72.7272727272727,-0.6,5,8,1,22.9436579200892,21.2165152498657,1.17450431417379,0.48573057024,5,60.8695652173913,0,1,25,America Volei,Minas,2,2011
164,8,14,0,22.059537702493,22.7822449925817,-0.9602997248,-0.182966486998209,7,55,-0.6,11,6,0,21.1519050855199,24.151595129842,-1.35817742008257,-0.1752165376,5,28.5714285714286,0,0,25,Londrina,Fatima UCS,2,2011
165,15,9,0,21.8758060353699,24.0062545211957,-1.00126132224,-1.17875942704056,6,9.52380952380952,0.6,2,1,1,24.1585073859629,21.5481878107373,2.36798118686976,1.62504372224,7,90.4761904761905,0,1,25,Ulbra Sao Caetano,Cimed,2,2011
166,10,12,0,21.2802728074618,22.6823066268959,-1.291181355008,-0.736704199334537,5,38.0952380952381,-0.4,13,11,0,22.0137961600071,24.2751948324794,-1.84367260026454,-1.8986544128,7,20,0,0,25,Sao Bernardo,Blumenau,2,2011
167,8,9,1,23.2682452446009,21.8222721700459,-0.0099497984,0.900464704573416,3,50,0.6,6,4,1,22.8741754922336,21.694608236927,-0.043582096564921,0.549400649728,6,56.5217391304348,0,1,25,Medley,Pinheiros,2,2011
168,4,2,0,23.5841547376582,22.8372124949461,-0.27819907072,-0.21491415582695,1,69.5652173913043,-0.6,3,3,1,23.5947358068855,20.6513027920909,1.27911326281902,1.90292965376,7,78.2608695652174,0,0,26,America Volei,Sada Cruzeiro,2,2011
169,7,14,1,22.4476301619944,22.5757959940654,-0.36823977984,0.253626810401433,1,57.1428571428571,-0.6,12,13,0,20.8901971283172,22.8504793175299,-1.35170865277019,-1.0607653888,1,23.8095238095238,0,1,26,Londrina,Volta Redonda,2,2011
170,9,10,0,21.9013933679618,22.6690062333603,-0.95893133312,-0.492924908861993,2,47.8260869565217,-0.6,6,4,1,22.7793403937869,21.7156865895416,0.165134322748063,0.6395205197824,2,58.3333333333333,0,0,27,Volei Futuro,Pinheiros,2,2011
171,14,12,1,20.4638025271145,23.5011704329007,-1.46484271104,-1.3685810997014,2,14.2857142857143,0.6,12,6,0,21.271524068416,24.1212761038736,-1.48654193606605,-0.54017323008,2,27.2727272727273,0,1,27,Santo Andre,Fatima UCS,2,2011
172,15,9,0,21.3006448282959,24.2050036169565,-1.401009057792,-1.54300754163245,2,9.09090909090909,0.4,13,11,0,21.944370261339,24.4201558659835,-2.07493808021163,-2.11892353024,2,19.047619047619,0,1,27,Ulbra Sao Caetano,Blumenau,2,2011
173,10,12,1,22.0242182459694,22.4791786348501,-0.4329450840064,0.010636640532371,2,40.9090909090909,0.4,2,1,1,24.3268059087703,21.0385502485899,2.49438494949581,1.900034977792,2,90.9090909090909,0,1,27,Sao Bernardo,Cimed,2,2011
174,9,9,0,22.9745961956807,21.9378177360367,-0.20795983872,0.520371763658733,4,47.8260869565217,0.4,1,5,1,24.0828469426207,21.5223882116734,1.77621167769959,1.3509298839552,4,91.6666666666667,0,1,1,Medley,Sesi,3,2011
175,13,11,1,22.5554962090712,23.8694580261201,-1.3002078208,-1.05995046416931,4,22.7272727272727,-0.6,14,12,0,20.3043753550249,23.8009363463206,-1.69486487976112,-1.5840713728,4,13.6363636363636,0,1,3,Blumenau,Santo Andre,3,2011
176,2,1,1,24.3614447270162,21.2308401988719,2.2760265728,2.39550795959664,4,91.304347826087,-0.6,7,14,0,23.3581041295955,23.5106367952523,-0.197098551678854,1.3426895872,5,54.5454545454545,0,1,3,Cimed,Londrina,3,2011
177,2,1,0,23.7558224482797,21.9846721590975,1.22082125824,1.31640636767732,1,87.5,-0.6,14,12,1,20.5635002840199,23.2007490770565,-1.1558919038089,-1.06725709824,1,17.3913043478261,0,0,4,Cimed,Santo Andre,3,2011
178,13,11,0,22.204396967257,23.4155664208961,-1.24016625664,-1.04796037133545,2,21.7391304347826,0.4,7,14,1,23.6864833036764,23.0751761028685,0.442321158656917,1.67415166976,2,56.5217391304348,0,0,5,Blumenau,Londrina,3,2011
179,13,13,1,22.1621577026538,23.6803834540239,-1.20145537024,-0.681366922216154,7,27.2727272727273,-0.4,15,9,0,21.37384919597,24.3640028935652,-1.83440603330596,-1.3828151296,7,8.69565217391304,0,0,11,Volta Redonda,Ulbra Sao Caetano,3,2011
180,2,1,1,23.3246579586237,21.827737727278,1.176657006592,1.25312509414185,7,88,0.2,3,3,0,23.4091219788417,21.5210422336727,0.423290610255215,0.922343723008,7,75,0,1,11,Cimed,Sada Cruzeiro,3,2011
181,14,12,0,20.690800227216,22.8805992616452,-1.771874168832,-1.12471352304712,7,16.6666666666667,0.6,9,9,0,22.7130102898779,22.5502541888294,-0.183702589073013,0.808511885312,7,45.8333333333333,0,1,11,Santo Andre,Medley,3,2011
182,1,5,1,24.2662775540966,21.551243902672,1.87459762176,2.02096934215968,7,92,-0.2,4,2,1,23.8673237901265,22.8031033292902,0.42806867533844,1.069398024192,7,70.8333333333333,0,1,11,Sesi,America Volei,3,2011
183,7,14,0,23.2691866429411,22.7801408822948,-0.694591823872,0.153856926925534,6,54.1666666666667,-0.6,9,10,1,21.9611146943694,22.5352049866882,-0.194339927089595,0.581514866688,7,50,0,1,11,Londrina,Volei Futuro,3,2011
184,12,6,1,22.0172192547328,23.2303542164322,-2.18580916224,-0.589233548852843,7,30.4347826086957,0.4,10,12,0,22.0193745967755,22.88334290788,-0.391490687574104,-0.059406848,7,39.1304347826087,0,1,11,Fatima UCS,Sao Bernardo,3,2011
185,13,11,1,22.0835175738056,23.0524531367169,-0.792133005312,-0.638368297068356,6,25,0.4,5,8,1,23.4882596694047,21.6398788665592,1.53960345133903,0.988584456192,7,62.5,0,1,11,Blumenau,Minas,3,2011
186,12,6,0,21.1471087371195,23.5842833731458,-2.348647329792,-1.07138683908227,1,29.1666666666667,-0.2,15,9,0,21.259079356776,23.9712023148522,-1.66752482664477,-1.30625210368,1,8.33333333333333,0,0,12,Fatima UCS,Ulbra Sao Caetano,3,2011
187,2,1,0,22.7263930335656,22.4621901818224,0.3413256052736,0.402500075313482,1,84.6153846153846,-0.2,5,8,1,23.8906077355237,21.5619030932474,1.63168276107122,1.1908675649536,1,64,0,1,12,Cimed,Minas,3,2011
188,12,13,1,22.209726162123,23.1043067632192,-0.761164296192,-0.345093537772923,1,30.4347826086957,-0.2,10,12,1,22.6154996774204,21.8400076596374,0.286807449940717,0.5524745216,1,41.6666666666667,0,0,12,Volta Redonda,Sao Bernardo,3,2011
189,13,11,0,21.9168140590445,23.5419625093735,-1.0337064042496,-0.910694637654685,2,24,0.6,3,3,1,23.7272975830734,21.2835004536049,0.938632488204172,1.3378749784064,2,76,0,1,13,Blumenau,Sada Cruzeiro,3,2011
190,7,14,0,23.4653493143529,23.4741127058359,-0.9556734590976,-0.276914458459573,2,52,-0.2,9,9,1,23.1704082319023,22.1068700177302,0.453037928741589,1.2468095082496,2,48,0,1,13,Londrina,Medley,3,2011
191,6,4,0,22.6234723150295,21.8125492716333,-0.34601046016,-0.06789254180155,7,56,-0.2,4,2,1,24.1938590321012,22.6924826634322,0.742454940270752,1.2555184193536,2,72,0,1,13,Pinheiros,America Volei,3,2011
192,14,12,0,20.6193068484394,23.3044794093161,-2.0174993350656,-1.49977081843769,2,16,0.4,9,10,1,22.8188917554955,22.8781639893506,0.244528058328324,0.8652118933504,2,52,0,1,13,Santo Andre,Volei Futuro,3,2011
193,3,3,1,23.9818380664587,20.9601336962172,0.806686253056,1.35090599056334,2,76.9230769230769,-0.6,11,13,1,22.4077809296984,22.6034454105753,-0.076074830218338,-0.44861231104,3,33.3333333333333,0,0,15,Sada Cruzeiro,Volta Redonda,3,2011
194,8,9,1,23.5363265855219,21.4188293475175,-0.766367870976,0.962430342993271,2,50,-0.6,15,9,0,21.5072634854208,24.0269618518818,-1.73401986131582,-1.445001682944,3,8,0,0,15,Medley,Ulbra Sao Caetano,3,2011
195,8,10,1,23.2551134043964,21.7025311914805,-0.567145066496,0.79562244666266,2,53.8461538461539,0.2,10,12,0,22.2123997419363,22.1120061277099,0.029445959952574,0.24197961728,3,40,0,0,15,Volei Futuro,Sao Bernardo,3,2011
196,8,4,0,22.7387778520236,22.4100394173066,-0.476808368128,-0.25431403344124,2,53.8461538461539,-0.6,14,12,0,19.8954454787515,23.6435835274529,-1.79981665475016,-1.053805678592,2,15.3846153846154,0,0,15,Pinheiros,Santo Andre,3,2011
197,5,8,1,23.712486188419,21.2495224745979,1.153761513472,1.50534620885698,4,65.3846153846154,-0.4,12,6,1,21.7676869896956,23.3674266985166,-0.45710947126582,0.167861415936,4,32,0,1,16,Minas,Fatima UCS,3,2011
198,4,2,1,24.315087225681,22.7939861307457,0.377440743424,0.793963952216601,3,73.0769230769231,-0.6,13,11,0,21.4667845805689,23.8335700074988,-1.32855571012375,-1.095138824192,3,23.0769230769231,0,0,16,America Volei,Blumenau,3,2011
199,1,5,0,23.8630220432772,22.3409951221376,1.099678097408,1.21677547372774,5,88.4615384615385,0.2,9,14,0,22.5056127848157,23.7792901646687,-0.821531566767658,1.139321335808,3,50,0,0,16,Sesi,Londrina,3,2011
200,5,8,0,23.3033222840685,22.1329513130117,0.3230092107776,0.604276967085583,2,62.962962962963,0.6,12,13,0,22.2262247437587,23.0827563284603,-0.460859864174671,-0.758889848832,3,32,0,0,18,Minas,Volta Redonda,3,2011
201,7,10,1,23.6040907235171,21.3620249531844,0.1462839468032,1.23649795733013,3,55.5555555555556,-0.2,15,9,0,21.33914412167,24.2215694815054,-1.98721588905265,-1.7560013463552,3,7.69230769230769,0,0,18,Volei Futuro,Ulbra Sao Caetano,3,2011
202,8,9,1,23.8290612684175,21.2683968113473,-0.0130942967808,1.36994427439462,3,51.8518518518519,-0.4,10,12,0,21.7699197935491,22.6896049021679,-0.576443232037941,-0.406416306176,3,38.4615384615385,0,1,18,Medley,Sao Bernardo,3,2011
203,1,5,1,24.1570843012885,21.9394627643768,1.4797424779264,1.57342037898219,2,88.8888888888889,-0.6,14,12,0,19.5830230496679,23.9148668219623,-2.03985332380012,-1.4430445428736,3,14.8148148148148,0,0,18,Sesi,Santo Andre,3,2011
204,7,4,1,23.1910222816189,21.594698200512,0.2185533054976,0.396548773247008,3,55.5555555555556,-0.6,9,14,0,22.0711568945192,24.0900987984016,-1.25722525341413,0.3114570686464,2,48.1481481481482,0,0,18,Pinheiros,Londrina,3,2011
205,3,3,1,24.185470453167,21.0681069569738,1.0453490024448,1.48072479245067,3,77.7777777777778,-0.6,11,6,1,22.5474829250898,23.0272746921466,0.234312422987344,0.7342891327488,2,34.6153846153846,0,0,18,Sada Cruzeiro,Fatima UCS,3,2011
206,4,2,1,24.1520697805448,22.6351889045966,0.7019525947392,1.03517116177328,2,74.0740740740741,0.4,2,1,0,22.1811144268525,22.5697521454579,0.122000060250786,1.9200279822336,6,81.4814814814815,0,1,18,America Volei,Cimed,3,2011
207,8,9,0,23.463249014734,21.7147174490778,-0.41047543742464,0.695955419515694,4,50,0.92,1,5,1,24.3256674410308,21.6849035448348,1.85873630318575,1.68074390716416,4,89.2857142857143,0,1,22,Medley,Sesi,3,2011
208,5,8,1,23.4926578272548,22.4063610504093,0.65840736862208,0.883421573668466,4,64.2857142857143,-0.12,4,2,0,23.5216558244358,23.1081511236773,0.228136929418625,1.20441473548288,4,71.4285714285714,0,0,22,Minas,America Volei,3,2011
209,6,4,1,23.8194844919618,21.8090918937429,0.77484264439808,0.917239018597607,5,57.1428571428571,0.88,3,3,1,24.3483763625336,20.5211522322457,1.78457983396054,1.67029998272512,5,78.5714285714286,1,1,23,Pinheiros,Sada Cruzeiro,3,2011
210,7,10,1,23.9499392454804,21.6229532958808,0.71702715744256,1.5891983658641,5,57.1428571428571,0.76,2,1,1,22.744891541482,22.2558017163663,0.697600048200629,2.13602238578688,5,82.1428571428571,1,0,23,Volei Futuro,Cimed,3,2011
211,1,5,1,24.1605339528246,21.5979228358678,1.78379398234112,1.8869890425486,3,89.6551724137931,-1.136,8,9,0,23.0205992117872,22.0717739592623,0.156764335612555,1.59744760659968,3,48.2758620689655,1,0,25,Sesi,Medley,3,2011
212,4,2,0,23.2173246595487,23.3865208989418,-0.03843792420864,-0.2174904564651,3,68.9655172413793,0.496,5,8,1,23.6941262618039,22.3250888403275,1.10673725893477,1.15269405196288,3,65.5172413793104,1,1,25,America Volei,Minas,3,2011
213,3,3,1,24.2787010900269,20.3169217857966,1.43627920195584,1.82766386716843,3,79.3103448275862,-1.104,7,4,0,22.9555875935694,22.2472735149943,0.333791214878086,0.31161641582592,3,55.1724137931034,1,0,26,Sada Cruzeiro,Pinheiros,3,2011
214,3,1,0,22.5959132331856,22.7046413730931,0.07306048421888,0.158080038560503,3,79.3103448275862,-0.208,6,10,1,24.0599513963843,21.6983626367047,1.67135869269128,1.29216951468032,3,58.6206896551724,1,1,26,Cimed,Volei Futuro,3,2011
215,5,8,1,23.6753010094431,22.380071072262,0.926725894897664,1.08538980714782,6,66.6666666666667,0.72,1,5,1,24.461760495593,21.6116716020276,2.10959123403888,1.74459512573133,6,90,1,0,31,Minas,Sesi,3,2011
216,6,10,1,24.2479611171074,21.4253567760304,0.973621725954048,1.93708695415303,7,60,0.92,2,3,1,24.6729608720215,21.3535374286372,1.86213109373474,1.7362399861801,7,80,1,1,2,Volei Futuro,Sada Cruzeiro,4,2011
217,1,5,0,23.6894083964744,21.3693372816221,2.0270351858729,1.48767298723111,3,87.0967741935484,-0.376,4,8,1,23.0202408075545,22.0240568578096,1.06831184571825,1.1221552415703,3,67.741935483871,1,0,3,Sesi,Minas,4,2011
218,4,8,0,22.1161926460436,22.3692454862477,0.941380715918131,0.454649476574604,6,65.625,0.7008,1,5,1,23.7015267171795,20.7954698252977,1.59013838978489,1.19567610058506,6,87.5,2,1,9,Minas,Sesi,4,2011
219,2,3,1,24.1783686976172,21.1228299429098,1.54902336156467,1.6897048749878,7,80.6451612903226,-0.936,6,10,0,23.438368893686,21.5802854208243,1.34966956332242,1.63373561174426,7,58.0645161290323,2,1,9,Sada Cruzeiro,Volei Futuro,4,2011
220,6,10,1,23.0706951149488,21.4642283366595,0.578897380763238,1.27973565065794,7,59.375,0.5488,2,3,0,23.5426949580938,21.2182639543278,1.15176389999024,1.58899198894408,7,78.125,2,1,16,Volei Futuro,Sada Cruzeiro,4,2011
221,2,3,1,23.834155966475,21.3079444967956,1.03921868925174,1.52141111999219,7,78.7878787878788,0.56,1,5,1,24.0278880404103,21.1030425269048,1.87211071182791,1.55654088046805,7,87.8787878787879,3,1,25,Sada Cruzeiro,Sesi,4,2011
