,Date,month,year,home_team,away_team,home_team_av_points,away_team_av_points,home_team_av_points_conceded,away_team_av_points_conceded,home_current_pos,away_current_pos,home_last_yr_pos,away_last_yr_pos,home_prev_game_perf,away_prev_game_perf,home_team_form,away_team_form,home_team_home_form,away_team_away_form,home_team_rest_time,away_team_rest_time,h2h_form,match_importance,home_win_percentage,away_win_percentage,result
0,22,10,2010,Kielce,Belchatow,20.0,20.0,20.0,20.0,8,1,8,1,0,0,0.0,0.0,0.0,0.0,-2628,-2628,0.0,0,50.0,50.0,0
1,23,10,2010,AZS Czestochowa,Bydgoszcz,20.0,20.0,20.0,20.0,4,6,5,6,0,0,0.0,0.0,0.0,0.0,-2627,-2627,0.0,0,50.0,50.0,0
2,23,10,2010,Kedzierzyn-Kozle,Olsztyn,20.0,20.0,20.0,20.0,4,10,2,7,0,0,0.0,0.0,0.0,0.0,-2627,-2627,0.0,0,50.0,50.0,1
3,23,10,2010,Wielun,Rzeszow,20.0,20.0,20.0,20.0,9,4,8,4,0,0,0.0,0.0,0.0,0.0,-2627,-2627,0.0,0,50.0,50.0,0
4,24,10,2010,Verva Warszawa,Jastrzebski,20.0,20.0,20.0,20.0,6,7,10,3,0,0,0.0,0.0,0.0,0.0,-2626,-2626,0.0,0,50.0,50.0,1
5,27,10,2010,Wielun,Kedzierzyn-Kozle,20.28,21.0,20.560000000000002,19.6,9,3,8,2,0,1,-0.2,0.6000000000000001,-0.2,0.0,4,4,0.0,0,0.0,100.0,0
6,27,10,2010,Olsztyn,AZS Czestochowa,19.6,20.04,21.0,20.12,10,6,7,5,0,0,-0.6000000000000001,-0.2,0.0,0.0,4,4,0.0,0,0.0,0.0,1
7,27,10,2010,Kielce,Bydgoszcz,19.6,20.12,21.0,20.04,9,5,8,6,0,1,-0.6000000000000001,0.2,-0.6000000000000001,0.2,5,4,0.0,0,0.0,100.0,1
8,27,10,2010,Belchatow,Jastrzebski,21.0,20.65,19.6,20.7,2,9,1,3,1,0,0.6000000000000001,-0.4,0.0,-0.4,5,3,0.0,0,100.0,0.0,1
9,28,10,2010,Verva Warszawa,Rzeszow,20.7,20.560000000000002,20.65,20.28,4,3,10,4,1,1,0.4,0.2,0.4,0.2,4,5,0.0,0,100.0,100.0,1
10,29,10,2010,AZS Czestochowa,Wielun,20.272,19.357333333333333,20.376,21.448000000000004,8,10,5,8,0,0,-0.36000000000000004,-0.7600000000000001,-0.2,0.0,2,2,0.0,0,0.0,0.0,1
11,30,10,2010,Rzeszow,Belchatow,20.448000000000004,20.84,20.384,19.520000000000003,4,1,4,1,0,1,-0.03999999999999998,0.6800000000000002,0.0,0.6000000000000001,2,3,0.0,0,50.0,100.0,1
12,30,10,2010,Kedzierzyn-Kozle,Verva Warszawa,21.8,20.72,18.813333333333336,20.52,3,4,2,10,1,1,1.08,0.52,0.6000000000000001,0.0,3,2,0.0,0,100.0,100.0,1
13,30,10,2010,Jastrzebski,Kielce,20.36,20.580000000000002,20.599999999999998,21.200000000000003,9,7,3,8,0,1,-0.52,-0.08000000000000007,0.0,0.0,3,3,0.0,0,0.0,50.0,1
14,31,10,2010,Bydgoszcz,Olsztyn,20.496000000000002,19.96,20.932000000000002,21.04,6,9,6,7,0,1,-0.24,-0.2800000000000001,0.0,-0.6000000000000001,4,4,0.0,0,50.0,50.0,1
15,3,11,2010,Wielun,Bydgoszcz,19.0192,22.130133333333337,22.158400000000004,21.878933333333336,10,5,8,6,0,1,-1.2080000000000002,0.4080000000000001,-0.7600000000000001,-0.24,5,3,0.0,0,0.0,66.66666666666666,1
16,3,11,2010,Kielce,Olsztyn,19.930666666666667,21.101333333333336,21.960000000000004,22.565333333333335,8,10,8,7,0,0,-0.6640000000000001,-0.8240000000000002,-0.08000000000000007,-1.08,4,3,0.0,0,33.33333333333333,33.33333333333333,1
17,3,11,2010,Belchatow,Kedzierzyn-Kozle,20.872,22.14,20.216000000000005,19.05066666666667,2,1,1,2,0,1,0.14400000000000013,1.2640000000000002,0.2,0.6000000000000001,4,4,0.0,0,66.66666666666666,100.0,1
18,3,11,2010,Verva Warszawa,AZS Czestochowa,20.576,21.2176,21.116,19.834133333333337,4,7,10,5,0,1,0.016000000000000014,0.31200000000000006,0.52,-0.2,4,5,0.0,0,66.66666666666666,33.33333333333333,0
19,4,11,2010,Jastrzebski,Rzeszow,21.288,20.958400000000005,19.946666666666665,20.5072,8,3,3,4,1,1,0.18400000000000005,0.36800000000000005,0.6000000000000001,-0.03999999999999998,5,5,0.0,0,33.33333333333333,66.66666666666666,0
20,6,11,2010,Bydgoszcz,Verva Warszawa,21.37077333333334,21.010800000000003,22.50314666666667,21.742800000000003,6,5,6,10,0,0,-0.2736,-0.3872,0.6000000000000001,-0.4,3,3,0.0,0,50.0,50.0,0
21,6,11,2010,Olsztyn,Wielun,21.33106666666667,20.215360000000004,22.802266666666668,21.39338666666667,10,9,7,8,0,1,-1.0592000000000001,-0.36640000000000006,0.2,-0.6000000000000001,3,3,0.0,0,25.0,25.0,1
22,6,11,2010,AZS Czestochowa,Belchatow,21.824080000000002,20.8976,20.417306666666672,20.572800000000008,5,1,5,1,1,1,0.6496000000000001,0.31520000000000015,0.44000000000000006,0.08000000000000007,3,3,0.0,0,50.0,75.0,0
23,6,11,2010,Rzeszow,Kielce,20.686720000000005,20.694533333333332,20.48576,22.018000000000004,2,7,4,8,1,1,0.49440000000000006,-0.1312000000000001,0.4,-0.6000000000000001,2,3,0.0,0,75.0,50.0,1
24,7,11,2010,Kedzierzyn-Kozle,Jastrzebski,22.112000000000002,21.1104,19.440533333333338,19.877333333333333,3,9,2,3,0,0,0.8112000000000004,-0.05279999999999996,0.8800000000000001,-0.52,4,3,0.0,0,75.0,25.0,0
25,10,11,2010,Kielce,Wielun,20.455626666666667,20.022288000000007,22.214400000000005,22.014709333333336,8,10,8,8,0,0,-0.5049600000000001,-0.6931200000000001,0.33599999999999997,-0.8800000000000001,4,4,0.0,0,40.0,20.0,0
26,10,11,2010,Jastrzebski,AZS Czestochowa,22.08832,21.659264,20.851866666666666,21.33384533333334,7,5,3,5,1,0,0.3577600000000001,-0.08032000000000006,0.2800000000000001,0.24,3,4,0.0,0,40.0,40.0,0
27,10,11,2010,Belchatow,Bydgoszcz,21.71808,21.59661866666667,20.658240000000006,22.802517333333338,1,6,1,6,1,0,0.8521600000000003,-0.6188800000000001,0.36000000000000004,-0.792,4,4,0.0,0,80.0,40.0,1
28,10,11,2010,Verva Warszawa,Olsztyn,21.608640000000005,21.964853333333338,21.894240000000003,22.091813333333338,5,10,10,7,1,1,0.09023999999999999,-0.4473600000000001,0.016000000000000014,-1.2640000000000002,4,4,0.0,0,60.0,40.0,1
29,11,11,2010,Rzeszow,Kedzierzyn-Kozle,21.149376000000007,22.6396,20.288608000000004,20.752426666666672,2,4,4,2,1,0,0.7955200000000001,0.2489600000000003,0.7200000000000001,0.2800000000000001,5,4,0.0,0,80.0,60.0,1
30,13,11,2010,Olsztyn,Belchatow,22.105216000000006,22.374464,22.740117333333338,20.25992533333334,10,1,7,1,0,1,-0.9578880000000002,1.2817280000000002,0.56,0.6640000000000001,3,3,0.0,0,33.33333333333333,83.33333333333334,0
31,13,11,2010,Kedzierzyn-Kozle,Kielce,22.431680000000004,21.114501333333333,20.60194133333334,22.921520000000008,4,8,2,8,0,0,-0.0008319999999997774,-0.8039680000000001,0.30400000000000016,-0.8800000000000001,2,3,0.0,0,50.0,33.33333333333333,1
32,13,11,2010,Bydgoszcz,Jastrzebski,21.01062826666667,22.420656,23.24201386666667,21.831493333333334,6,7,6,3,0,0,-1.095104,-0.11379199999999995,0.08000000000000007,-0.016000000000000014,3,3,0.0,0,33.33333333333333,33.33333333333333,1
33,14,11,2010,AZS Czestochowa,Rzeszow,22.4774112,20.919500800000005,21.81707626666667,20.550886400000003,5,2,5,4,1,1,0.335744,0.836416,-0.248,0.16800000000000004,4,3,0.0,0,50.0,83.33333333333334,1
34,15,11,2010,Wielun,Verva Warszawa,21.167830400000007,22.35357866666667,22.36176746666667,22.048725333333337,9,5,8,10,1,1,-0.15449600000000008,0.6721920000000001,-0.008000000000000007,0.07999999999999996,5,5,0.0,0,33.33333333333333,66.66666666666666,0
35,18,11,2010,Kielce,Verva Warszawa,20.891601066666666,22.43286293333334,22.61721600000001,21.738980266666672,8,3,8,10,0,1,-0.8431744000000001,0.9377536000000002,-0.13120000000000004,0.46399999999999997,5,3,0.0,0,28.57142857142857,71.42857142857143,1
36,19,11,2010,Jastrzebski,Olsztyn,22.7365248,20.884172800000005,22.56519466666667,23.19209386666667,8,10,3,7,0,0,-0.49103359999999996,-1.3663104000000001,-0.17599999999999993,-1.6112000000000004,6,6,0.0,0,28.57142857142857,28.57142857142857,1
37,20,11,2010,Kedzierzyn-Kozle,AZS Czestochowa,22.225344000000003,22.881928960000003,20.481553066666674,21.75366101333334,4,5,2,5,1,1,0.1993344000000002,0.6685952,0.44320000000000015,0.5920000000000001,7,6,0.0,0,57.14285714285714,57.14285714285714,0
38,20,11,2010,Belchatow,Wielun,22.8995712,21.03426432000001,19.40794026666667,22.439413973333338,1,9,1,8,1,0,1.6253824000000003,-0.5235968000000001,0.8880000000000001,-0.30400000000000016,7,5,0.0,0,85.71428571428571,28.57142857142857,1
39,21,11,2010,Rzeszow,Bydgoszcz,21.035600640000006,21.90850261333334,21.340709120000007,23.393611093333337,2,6,4,6,0,1,0.26913280000000006,-0.47608320000000004,0.776,-1.2336,7,7,0.0,0,71.42857142857143,42.857142857142854,0
40,27,11,2010,Verva Warszawa,Belchatow,22.84629034666667,23.31965696,22.39118421333334,19.393018880000003,4,1,10,1,0,1,0.3502028800000002,1.9003059200000005,0.6128000000000001,1.1312000000000002,7,7,0.0,0,62.5,87.5,0
41,27,11,2010,AZS Czestochowa,Kielce,22.425543168000004,21.713280853333334,21.322928810666674,22.99377280000001,3,8,5,8,1,1,0.73487616,-0.27453952000000015,0.2016,-0.9040000000000001,7,7,0.0,0,62.5,37.5,1
42,27,11,2010,Wielun,Jastrzebski,20.694078122666674,23.039219840000005,22.95153117866667,21.852155733333337,9,7,8,3,0,1,-1.0188774400000002,0.007173120000000033,-0.40640000000000004,-0.41280000000000006,7,7,0.0,0,25.0,37.5,0
43,28,11,2010,Bydgoszcz,Kedzierzyn-Kozle,22.426802090666676,21.700275200000004,22.61488887466667,20.50524245333334,6,5,6,2,1,0,0.019133439999999946,-0.04053247999999984,0.4640000000000001,0.024000000000000077,7,7,0.0,0,50.0,50.0,0
44,28,11,2010,Olsztyn,Rzeszow,20.507338240000006,20.728480512000004,23.403675093333337,21.97256729600001,10,3,7,4,0,0,-1.4930483200000002,-0.18469375999999996,-0.15200000000000002,-0.26559999999999995,7,7,0.0,0,25.0,62.5,0
45,1,12,2010,Olsztyn,Kedzierzyn-Kozle,20.739203925333342,21.720220160000004,23.72294007466667,20.204193962666675,10,4,7,2,0,1,-1.7944386560000003,0.16757401600000013,-0.7216000000000001,0.21920000000000006,3,3,-0.6000000000000001,0,22.22222222222222,55.55555555555556,0
46,1,12,2010,Jastrzebski,Verva Warszawa,23.431375872000004,22.21036561066667,21.61505792,22.91294737066667,7,5,3,10,1,0,0.6057384960000001,-0.3198376959999999,0.2592000000000001,-0.028800000000000048,4,4,-0.4,0,44.44444444444444,55.55555555555556,0
47,1,12,2010,Belchatow,Kielce,23.655725568,21.103958016000004,19.44774843733334,23.39501824000001,1,8,1,8,1,0,2.1202447360000005,-0.8196316160000002,1.3104000000000002,-1.3232000000000004,4,4,0.6000000000000001,0,88.88888888888889,33.33333333333333,1
48,1,12,2010,Rzeszow,Wielun,21.582784409600006,20.688595831466674,21.911387170133338,23.361224942933337,2,9,4,8,1,0,0.4522449920000001,-1.4151019520000003,0.2208,-0.8432000000000002,3,4,0.2,0,66.66666666666666,22.22222222222222,1
49,2,12,2010,Bydgoszcz,AZS Czestochowa,21.74144167253334,22.940434534400005,22.451911099733334,20.791676381866676,6,4,6,5,0,1,-0.18469324800000006,1.1879009280000001,0.17120000000000007,0.6736000000000001,4,5,0.2,0,44.44444444444444,66.66666666666666,0
50,4,12,2010,Jastrzebski,Belchatow,22.611767364266672,23.9245804544,22.292046336000002,18.62486541653334,7,1,3,1,0,1,-0.11540920320000003,2.2961957888000004,-0.39264,1.5049600000000003,3,3,-0.2,0,40.0,90.0,0
51,4,12,2010,Rzeszow,Verva Warszawa,22.266227527680005,22.768292488533337,21.462443069440006,22.197024563200006,2,5,4,10,1,1,0.9617959936000002,0.3441298432000002,0.7766400000000001,0.57696,3,3,-0.2,0,70.0,60.0,1
52,4,12,2010,Kedzierzyn-Kozle,Wielun,21.656176128000006,20.484209998506675,20.24335517013334,23.68897995434667,4,9,2,8,1,0,0.3340592128000001,-1.7320815616000005,0.15456000000000014,-1.2745600000000001,3,3,0.6000000000000001,0,60.0,20.0,1
53,4,12,2010,Bydgoszcz,Kielce,21.92648667136001,19.94983307946667,23.09486221312,23.716014592000008,6,8,6,8,0,0,-0.7477545984000001,-1.2557052928000003,-0.46304,-1.6585600000000005,2,3,-0.4,0,40.0,30.0,1
54,4,12,2010,AZS Czestochowa,Olsztyn,23.485680960853337,20.671363140266678,21.166674438826675,23.258352059733337,4,10,5,7,1,0,1.5503207424000003,-1.6355509248000002,0.7612800000000001,-1.6889600000000002,2,3,-0.2,0,70.0,20.0,1
55,11,12,2010,Verva Warszawa,Kedzierzyn-Kozle,22.81463399082667,21.364940902400004,22.857619650560007,20.474684136106674,5,4,10,2,0,1,-0.12469612543999986,0.4672473702400001,-0.10975999999999997,0.3753600000000001,7,7,-0.4,0,54.54545454545454,63.63636363636363,1
56,11,12,2010,Olsztyn,Bydgoszcz,20.737090512213342,22.54118933708801,23.806681647786668,22.475889770496,10,6,7,6,0,1,-1.9084407398400003,0.0017963212799999573,-0.7772800000000002,-0.5868800000000001,7,7,-0.6000000000000001,0,18.181818181818183,45.45454545454545,0
57,11,12,2010,Wielun,AZS Czestochowa,20.667367998805343,23.98854476868267,22.991183963477337,21.13333955106134,9,3,8,5,0,1,-1.5856652492800005,1.8402565939200004,-0.9251200000000002,1.1388800000000003,7,7,-0.6000000000000001,0,18.181818181818183,72.72727272727273,0
58,11,12,2010,Kielce,Jastrzebski,19.959866463573338,22.33941389141334,23.972811673600006,22.683637068800003,8,7,8,3,0,0,-1.6045642342400004,-0.49232736256000004,0.29503999999999997,0.26976,7,7,-0.6000000000000001,0,27.27272727272727,36.36363636363637,1
59,18,12,2010,Olsztyn,Kielce,21.069672409770675,20.86789317085867,23.405345318229333,23.728249338880005,10,8,7,8,0,1,-1.7267525918720004,-0.8836513873920003,-0.8218240000000001,-1.9268480000000006,7,7,-0.4,0,16.666666666666664,33.33333333333333,0
60,18,12,2010,AZS Czestochowa,Verva Warszawa,24.190835814946137,23.05170719266134,20.77333830751574,22.736095720448006,2,5,5,10,1,1,2.0722052751360005,0.3002430996480001,1.2090240000000003,0.06156800000000001,7,7,0.4,0,75.0,58.333333333333336,1
61,18,12,2010,Rzeszow,Jastrzebski,22.912982022144007,22.421531113130673,21.769954455552007,23.046909655040004,3,8,4,3,1,0,1.1694367948800002,-0.7938618900480001,1.021312,-0.18419200000000002,7,7,0.2,0,72.72727272727273,33.33333333333333,1
62,18,12,2010,Bydgoszcz,Wielun,22.392951469670408,20.400561065710942,22.460711816396802,23.39294717078187,6,9,6,8,1,0,0.20143705702399997,-1.8685321994240005,0.22956800000000005,-1.219648,7,7,-0.6000000000000001,0,50.0,16.666666666666664,1
63,29,12,2010,Kielce,Rzeszow,22.227647870020274,23.330385617715205,23.982599471104006,21.81596356444161,7,3,8,4,1,1,-0.10692110991360027,1.5355494359040003,0.636032,0.3875200000000001,7,7,-0.4,0,38.46153846153847,75.0,0
64,29,12,2010,Belchatow,AZS Czestochowa,23.989664363520003,24.402668651956912,19.149892333226674,21.418670646012593,1,3,1,5,1,1,2.2369566310400004,2.0577642201088007,1.6483200000000002,1.5111040000000004,7,7,0.6000000000000001,0,90.9090909090909,76.92307692307693,1
65,29,12,2010,Wielun,Olsztyn,19.970448852568758,21.85573792781654,23.214357736625498,24.257609587916804,9,10,8,7,0,0,-1.8948257595392004,-1.9814020734976006,-1.3400960000000004,-1.9511680000000005,7,7,-0.4,0,15.384615384615385,15.384615384615385,0
66,29,12,2010,Jastrzebski,Kedzierzyn-Kozle,22.337224890504537,21.541952721920005,23.437527724032005,21.17974730888534,8,4,3,2,0,0,-1.2350895120384002,-0.02620210380799992,-0.7141120000000001,-0.09971199999999991,7,7,0.4,0,30.76923076923077,58.333333333333336,0
67,29,12,2010,Verva Warszawa,Bydgoszcz,23.241365754129074,22.414361175736328,23.238876576358408,21.618569453117445,5,6,10,6,0,1,-0.15980552028159992,0.5611496456192,0.312192,-0.2695040000000001,7,7,0.4,0,53.84615384615385,53.84615384615385,1
68,31,12,2010,Belchatow,Rzeszow,23.991731490816004,23.814308494172167,19.61991386658134,21.45277085155329,1,2,1,4,1,1,2.1895653048320005,1.6284395487232004,1.7186560000000002,0.7100160000000001,2,2,-0.4,0,91.66666666666666,76.92307692307693,1
69,2,1,2011,Kedzierzyn-Kozle,Belchatow,22.566895510869337,23.743385192652806,21.41046451377494,19.74593109326507,4,1,2,1,1,1,0.5790383169536002,2.1516522438656005,0.32364800000000016,1.6039680000000005,4,2,-0.2,0,61.53846153846154,92.3076923076923,0
70,8,1,2011,Olsztyn,Verva Warszawa,21.684590342253234,23.59309260330326,23.646087670333443,22.857767927753393,9,5,7,10,1,1,-1.3851216587980806,0.4721555837747201,-1.2574592000000002,-0.3507456,7,7,-0.6000000000000001,0,21.428571428571427,57.14285714285714,1
71,8,1,2011,Bydgoszcz,Belchatow,22.19815560725573,23.234708154122245,22.294855562493957,19.51674487461206,6,1,6,1,0,1,-0.1510802835046401,1.9213217950924804,0.5836544000000001,1.4831744000000004,7,6,-0.6000000000000001,0,50.0,92.85714285714286,0
72,8,1,2011,AZS Czestochowa,Jastrzebski,23.82213492156553,22.336446579070298,21.934936516810076,24.08335551255894,3,8,5,3,0,0,1.2462113760870408,-1.5880716096307204,1.3672192000000003,-0.7473536000000001,7,7,0.4,0,71.42857142857143,28.57142857142857,0
73,9,1,2011,Kedzierzyn-Kozle,Rzeszow,21.77351640869547,23.101446795337736,21.368371611019953,21.712216681242634,4,2,2,4,0,0,0.26323065356288017,0.9027516389785605,0.05891840000000015,0.16801280000000007,7,7,-0.2,0,57.14285714285714,71.42857142857143,0
74,10,1,2011,Wielun,Kielce,20.216359082055007,21.78211829601622,22.771486189300397,24.336079576883208,10,8,8,8,0,0,-1.7158606076313603,-0.48553688793088023,-1.2720768000000002,-0.9414784000000005,7,7,0.4,0,14.285714285714285,35.714285714285715,1
75,14,1,2011,Verva Warszawa,Wielun,23.11447408264261,21.173087265644007,22.566214342202716,22.017188951440318,5,10,10,8,0,1,0.17772446701977612,-0.7726884861050882,0.8497536000000001,-1.3757184000000002,6,4,0.4,0,53.333333333333336,20.0,1
76,15,1,2011,Rzeszow,AZS Czestochowa,22.881157436270193,22.417707937252427,21.60977334499411,21.82794921344806,2,3,4,5,1,0,0.9222013111828484,0.7969691008696327,1.4170496000000001,0.8088832000000005,6,7,-0.4,0,73.33333333333333,66.66666666666666,1
77,15,1,2011,Belchatow,Olsztyn,23.9877665232978,21.627672273802588,20.31339589968965,23.156870136266754,1,9,1,7,1,1,1.9370574360739843,-0.9080973270384645,1.7749248000000004,-1.3609344000000005,7,7,0.6000000000000001,0,93.33333333333333,26.666666666666668,1
78,15,1,2011,Jastrzebski,Bydgoszcz,22.14915726325624,22.45852448580458,22.62668441004715,23.23588444999517,7,6,3,6,1,0,-1.0704572877045764,-0.5208642268037121,-1.1712896000000002,-0.8156032000000002,7,7,-0.4,0,33.33333333333333,46.666666666666664,0
79,15,1,2011,Kielce,Kedzierzyn-Kozle,21.225694636812975,21.658813126956375,24.468863661506568,21.494697288815964,8,5,8,2,0,0,-0.9884295103447043,0.010584522850304146,0.10882560000000008,0.5202304000000002,5,6,-0.2,0,33.33333333333333,53.333333333333336,0
80,17,1,2011,Wielun,Belchatow,20.338469812515207,24.19021321863824,22.613751161152255,20.25071671975172,10,1,8,1,0,1,-1.2181507888840706,2.1496459488591877,-0.41766144000000005,1.5865395200000005,3,2,-0.6000000000000001,0,18.75,93.75,0
81,18,1,2011,Verva Warszawa,Kielce,23.491579266114087,21.530555709450383,21.452971473762176,24.575090929205256,5,8,10,8,1,0,0.742179573615821,-1.1907436082757634,1.27980288,-1.3531827200000004,4,3,-0.4,0,56.25,31.25,1
82,18,1,2011,Olsztyn,Jastrzebski,21.30213781904207,22.069325810604994,23.525496109013403,23.10134752803772,9,7,7,3,0,0,-1.3264778616307717,-1.256365830163661,-0.8059673600000004,-0.3978828800000001,3,3,-0.4,0,25.0,31.25,0
83,18,1,2011,Bydgoszcz,Rzeszow,22.966819588643666,23.304925949016155,22.938707559996136,20.154485342661957,6,2,6,4,1,1,-0.01669138144296972,1.337761048946279,0.06692352000000013,0.3344102400000001,3,3,0.4,0,50.0,75.0,0
84,18,1,2011,AZS Czestochowa,Kedzierzyn-Kozle,20.80083301646861,22.3270505015651,22.46235937075845,21.74575783105277,3,5,5,2,0,1,0.03757528069570615,0.40846761828024336,0.8937753600000002,0.8161843200000002,3,3,0.2,0,62.5,56.25,0
85,26,1,2011,Rzeszow,Olsztyn,23.493940759212926,21.521710255233657,20.47358827412957,23.06039688721072,2,9,4,7,1,0,1.4702088391570234,-1.2611822893046174,1.7336396800000002,-1.6887475200000006,7,7,0.6000000000000001,0,76.47058823529412,23.52941176470588,1
86,26,1,2011,Kielce,AZS Czestochowa,21.50444456756031,20.107333079841553,23.74007274336421,22.96988749660676,8,4,8,5,0,0,-1.1525948866206108,-0.5699397754434352,-0.31293951999999997,0.04710656000000035,7,7,-0.6000000000000001,0,29.411764705882355,58.82352941176471,0
87,26,1,2011,Kedzierzyn-Kozle,Bydgoszcz,22.86164040125208,22.723455670914934,20.86327293150888,23.20096604799691,4,6,2,6,1,0,0.9267740946241948,-0.4133531051543758,-0.15286527999999988,-0.25248256000000013,7,7,0.2,0,58.82352941176471,47.05882352941176,1
88,26,1,2011,Jastrzebski,Wielun,21.895460648483997,20.150775850012167,22.96107802243018,22.411000928921805,7,10,3,8,1,0,-0.8050926641309291,-1.1745206311072565,-1.3370316800000002,-1.7005747200000003,7,7,0.6000000000000001,0,35.294117647058826,17.647058823529413,0
89,26,1,2011,Belchatow,Verva Warszawa,23.672170574910595,22.87326341289127,20.080573375801375,21.442377179009743,1,5,1,10,1,1,1.9197167590873503,0.7937436588926567,2.0199398400000006,-0.48059648,7,7,0.6000000000000001,0,94.11764705882352,58.82352941176471,1
90,29,1,2011,Rzeszow,Verva Warszawa,23.928485940703673,22.048610730313015,20.512203952636987,22.003901743207795,2,5,4,10,1,0,1.7761670713256188,0.2349949271141254,1.9869117440000004,-0.784477184,3,3,0.24,0,77.77777777777779,55.55555555555556,1
91,29,1,2011,Belchatow,Bydgoszcz,23.787736459928478,21.91209787006528,19.8144587006411,23.56077283839753,1,6,1,6,1,0,1.9357734072698802,-0.9306824841235007,2.0159518720000005,-0.8019860480000002,3,3,0.8800000000000001,0,94.44444444444444,44.44444444444444,1
92,29,1,2011,Kielce,Wielun,21.443555654048247,20.870620680009733,23.152058194691367,22.228800743137445,8,9,8,8,0,1,-1.1220759092964887,-0.5396165048858051,-0.450351616,-0.9604597760000003,3,3,-0.9200000000000002,0,27.77777777777778,22.22222222222222,0
93,29,1,2011,Jastrzebski,Olsztyn,21.8163685187872,21.35070153752026,23.118862417944143,23.58165084310191,7,10,3,7,0,0,-1.0440741313047432,-1.608945831443694,-1.4696253440000002,-1.9509980160000007,3,3,0.52,0,33.33333333333333,22.22222222222222,1
94,30,1,2011,Kedzierzyn-Kozle,AZS Czestochowa,23.289312321001667,20.24586646387324,20.42395167854044,22.615909997285407,3,4,2,5,1,1,1.341419275699356,-0.25595182035474817,0.4777077760000002,0.2376852480000003,4,4,0.44000000000000006,0,61.111111111111114,61.111111111111114,0
95,4,2,2011,Bydgoszcz,AZS Czestochowa,21.59634496271889,20.946693171098595,23.848618270718024,22.342727997828327,6,3,6,5,0,1,-1.3445459872988006,0.19523854371620147,-0.3464611839999999,0.5901481984000003,6,5,-0.44000000000000006,0,42.10526315789473,63.1578947368421,0
96,5,2,2011,Belchatow,Rzeszow,24.030189167942783,24.19278875256294,19.918233627179546,20.55976316210959,1,2,1,4,1,1,2.148618725815904,1.820933657060495,2.2127614976000007,0.667528192,7,7,0.07999999999999996,0,94.73684210526315,78.94736842105263,1
97,5,2,2011,Jastrzebski,Kielce,21.733094815029762,21.354844523238597,22.375089934355316,22.921646555753092,7,8,3,8,1,0,-0.6352593050437947,-1.097660727437191,-0.9757002752000004,-1.2825461760000003,7,7,0.08000000000000007,0,36.84210526315789,26.31578947368421,0
98,6,2,2011,Verva Warszawa,Kedzierzyn-Kozle,21.788888584250415,22.881449856801336,22.653121394566238,21.08916134283235,5,4,10,2,0,0,-0.2120040583086997,0.6731354205594847,1.2238423040000002,1.2529474560000002,7,7,0.07999999999999996,0,52.63157894736842,57.89473684210527,0
99,7,2,2011,Olsztyn,Wielun,20.960561230016207,21.096496544007785,23.145320674481532,21.983040594509955,10,9,7,8,0,1,-1.4871566651549553,-0.23169320390864412,-0.8447738880000004,-0.5683678208000003,7,7,0.52,0,21.052631578947366,26.31578947368421,0
100,11,2,2011,AZS Czestochowa,Verva Warszawa,21.357354536878876,21.911110867400332,22.474182398262663,22.28249711565299,3,5,5,10,1,0,0.3561908349729612,-0.36960324664695976,0.11502028800000019,-1.0275817472000002,7,5,0.7200000000000001,0,65.0,50.0,1
101,12,2,2011,Kedzierzyn-Kozle,Belchatow,22.465159885441068,24.22415133435423,21.351329074265884,20.067920235076972,4,1,2,1,1,1,0.7385083364475877,2.3188949806527237,-0.017833779199999844,1.4692316160000005,6,7,-0.36000000000000004,0,60.0,95.0,0
102,12,2,2011,Rzeszow,Bydgoszcz,23.487564335383688,21.877075970175117,21.447810529687672,23.67889461657442,2,6,4,6,0,0,0.8567469256483959,-1.2756367898390404,1.9895293952000004,-1.2415888384000002,7,7,0.07999999999999996,0,75.0,40.0,1
103,12,2,2011,Wielun,Jastrzebski,21.437197235206227,21.58647585202381,21.946432475607963,21.860071947484254,9,7,8,3,1,0,0.0146454368730847,-0.7082074440350359,-0.534129152,-0.11830630400000008,5,7,-0.08000000000000007,0,30.0,35.0,0
104,12,2,2011,Kielce,Olsztyn,21.043875618590878,21.128448984012966,22.537317244602473,23.076256539585223,8,10,8,7,1,0,-0.6781285819497529,-1.3897253321239642,-0.5602812928,-1.7607984128000005,7,5,0.9200000000000002,0,30.0,20.0,0
105,16,2,2011,Rzeszow,Kedzierzyn-Kozle,23.85671813497362,21.90546124168619,21.491581757083473,22.281063259412708,2,4,4,2,1,0,1.285397540518717,-0.009193330841929859,2.1916235161600004,1.2023579648000002,4,4,0.36000000000000004,0,76.19047619047619,57.14285714285714,1
106,16,2,2011,Belchatow,AZS Czestochowa,24.579321067483384,21.0858836295031,19.987669521394913,21.899345918610134,1,3,1,5,1,1,2.455115984522179,0.484952667978369,2.370209198080001,0.6721185587200003,4,5,0.8800000000000001,0,95.23809523809523,66.66666666666666,1
107,17,2,2011,Bydgoszcz,Verva Warszawa,21.834994109473428,21.448888693920267,24.009782359926206,21.825997692522392,6,5,6,10,0,0,-1.6205094318712325,-0.4956825973175678,-0.47716894719999997,-1.0220653977600003,5,6,-0.9200000000000002,0,38.095238095238095,47.61904761904761,0
108,19,2,2011,Belchatow,Verva Warszawa,24.41345685398671,22.22577762180288,20.040135617115933,21.72746482068458,1,5,1,10,1,1,2.3640927876177433,0.20345392214594582,2.2961673584640008,-0.21765231820800013,3,2,0.8800000000000001,0,95.45454545454545,50.0,1
109,19,2,2011,Olsztyn,Jastrzebski,21.902759187210375,21.81918068161905,22.26100523166818,21.388057557987402,10,7,7,3,1,1,-0.5117802656991712,-0.16656595522802875,-0.8758191104000004,0.30535495679999997,7,7,-0.6160000000000001,0,23.809523809523807,38.095238095238095,0
110,19,2,2011,Kedzierzyn-Kozle,Bydgoszcz,21.804368993348955,21.734661954245407,22.38485060753017,24.274492554607633,4,7,2,6,0,0,-0.2073546646735439,-1.8964075454969862,-0.6142670233599999,-1.5932710707200002,3,2,0.7600000000000001,0,54.54545454545454,36.36363636363637,1
111,19,2,2011,AZS Czestochowa,Rzeszow,20.918706903602484,23.645374507978893,22.26947673488811,21.47326540566678,3,2,5,4,0,1,-0.0120378656173048,1.2283180324149736,0.2920162304000002,-0.06597744640000003,3,3,-0.28,0,63.63636363636363,77.27272727272727,0
112,19,2,2011,Wielun,Kielce,21.04975778816498,20.635100494872702,22.107145980486372,23.02985379568198,9,8,8,8,0,0,-0.38828365050153224,-1.1425028655598024,-0.8273033216000001,-0.8260369408000003,7,7,0.9360000000000002,0,28.57142857142857,28.57142857142857,0
113,25,2,2011,Kielce,Jastrzebski,21.258080395898162,22.55534454529524,22.673883036545586,21.16044604638992,8,6,8,3,1,1,-0.5140022924478419,0.266747235817577,-1.0482250342400001,0.64428396544,6,6,0.13599999999999995,0,31.818181818181817,40.909090909090914,1
114,26,2,2011,Bydgoszcz,Belchatow,21.054396230062995,24.53076548318937,24.419594043686107,20.032108493692746,7,1,6,1,0,1,-2.1171260363975892,2.491274230094195,-0.9817351577600001,1.7753852928000005,7,7,-1.3040000000000003,0,34.78260869565217,95.65217391304348,0
115,26,2,2011,Wielun,Olsztyn,21.089806230531988,21.572207349768302,22.435716784389097,22.908804185334546,9,10,8,7,0,0,-0.7106269204012259,-0.809424212559337,-1.0618426572800002,-0.8086387302400004,7,7,-0.21600000000000003,0,27.27272727272727,22.727272727272727,1
116,4,3,2011,Jastrzebski,Wielun,22.644275636236195,21.35184498442559,21.995023503778604,22.50857342751128,6,9,3,8,0,1,-0.38660221134593853,-0.36850153632098076,-0.9805602201600003,-0.2546942566400002,7,6,0.4640000000000001,0,39.130434782608695,30.434782608695656,1
117,5,3,2011,Verva Warszawa,AZS Czestochowa,21.780622097442304,21.73496552288199,22.381971856547665,23.065581387910488,5,3,10,5,0,0,-0.43723686228324343,-0.40963029249384386,0.7790738432000002,0.1376948469760002,7,7,-0.776,0,47.82608695652174,60.86956521739131,1
118,5,3,2011,Olsztyn,Kielce,21.817765879814644,22.073130983385198,22.807043348267637,22.73910642923647,10,8,7,8,0,1,-0.8475393700474696,0.18879816604172656,-1.1006552883200005,-0.2608295526400003,7,7,-0.13600000000000012,0,21.73913043478261,34.78260869565217,0
119,12,3,2011,Kielce,Olsztyn,22.65850478670816,21.754212703851717,22.491285143389177,23.24563467861411,7,10,8,7,1,0,0.5510385328333813,-1.0780314960379758,-0.23858002739200002,-0.8469109841920004,7,7,0.5088000000000001,2,37.5,20.833333333333336,1
120,13,3,2011,Jastrzebski,Wielun,23.182087175655624,21.54814265420714,22.062685469689548,23.073525408675692,6,9,3,8,1,0,0.2907182309232492,-0.8948012290567847,-0.18444817612800024,-0.8037554053120003,7,7,0.9712000000000002,2,41.66666666666667,29.166666666666668,1
121,16,3,2011,Verva Warszawa,Rzeszow,21.744497677953845,24.166299606383117,22.105577485238133,22.178612324533425,5,2,10,4,1,1,-0.14978948982659473,1.382654425931979,0.8232590745600001,0.34721804288,7,7,-0.5920000000000001,0,50.0,78.26086956521739,0
122,16,3,2011,AZS Czestochowa,Kedzierzyn-Kozle,21.58797241830559,22.443495194679166,22.77246511032839,21.574547152690805,3,4,5,2,0,1,-0.527704233995075,0.43411626826116495,-0.16638701567999986,0.7618863718400002,7,7,0.04799999999999993,0,58.333333333333336,56.52173913043478,0
123,19,3,2011,Rzeszow,Belchatow,23.613039685106497,24.524612386551496,21.70288985962674,20.475686794954196,2,1,4,1,1,1,1.3061235407455833,2.393019384075356,1.9532988129280004,1.8203082342400005,3,7,-0.664,0,79.16666666666666,95.83333333333334,0
124,19,3,2011,Kedzierzyn-Kozle,Verva Warszawa,22.454796155743335,21.35559814236308,21.609637722152645,21.964461988190507,3,5,2,10,1,0,0.747293014608932,-0.3198315918612758,0.1085863813120001,-0.7741218545664001,3,3,0.13600000000000004,0,58.333333333333336,48.0,1
125,19,3,2011,AZS Czestochowa,Bydgoszcz,21.620377934644473,21.293516984050395,22.717972088262712,24.43567523494889,4,8,5,6,0,0,-0.8221633871960601,-2.0937008291180716,-0.5331096125439999,-1.8746168565760004,3,7,0.552,0,56.00000000000001,33.33333333333333,1
126,19,3,2011,Wielun,Jastrzebski,21.10518079003238,23.5456697405245,23.458820326940554,21.516815042418305,9,6,8,3,0,1,-1.3158409832454279,0.8325745847385995,-0.6494741258240002,-0.08457282764800012,6,6,-1.3769600000000004,2,28.000000000000004,44.0,0
127,19,3,2011,Olsztyn,Kielce,21.723370163081373,22.60680382936653,23.076507742891287,22.313028114711344,10,7,7,8,0,1,-1.0624251968303806,0.6408308262667051,-1.2805242306560003,0.19133635788799977,7,7,-0.6070400000000001,2,20.0,40.0,1
128,23,3,2011,Bydgoszcz,Rzeszow,21.568146920573653,23.0504317480852,24.815206854625778,21.442311887701393,8,2,6,4,0,0,-2.2749606632944577,0.8448988325964668,-1.1853881262080002,0.477774434304,4,4,-0.664,0,32.0,76.0,0
129,23,3,2011,Belchatow,Kedzierzyn-Kozle,23.6996899092412,22.00383692459467,20.540549435963356,21.487710177722114,1,3,1,2,1,1,2.114415507260285,0.7978344116871456,2.4369338867712007,1.0095090974720002,4,4,0.8880000000000001,0,96.0,60.0,1
130,26,3,2011,Verva Warszawa,Bydgoszcz,21.284478513890463,21.154517536458926,21.611569590552406,24.752165483700622,5,8,10,6,0,0,-0.4558652734890207,-2.2199685306355663,0.45860725964800014,-2.0996934852608007,7,3,1.3360000000000003,0,46.15384615384615,30.76923076923077,0
131,26,3,2011,Kedzierzyn-Kozle,Rzeszow,21.723069539675738,23.34034539846816,21.470168142177695,21.053849510161115,3,2,2,4,0,1,0.4382675293497165,1.0759190660771734,0.2868691050496001,0.7822195474432001,3,3,-0.48800000000000004,0,57.692307692307686,76.92307692307693,1
132,26,3,2011,AZS Czestochowa,Belchatow,22.562969014382244,23.239751927392962,22.707711003943505,20.552439548770685,4,1,5,1,1,1,-0.05773070975684802,1.8915324058082281,0.17351230996480016,1.6562465873920005,7,3,-1.104,0,57.692307692307686,96.15384615384616,0
133,26,3,2011,Kielce,Olsztyn,22.325443063493225,21.4586961304651,21.93042249176908,22.70120619431303,7,10,8,7,0,1,0.31266466101336404,-0.6499401574643044,0.009135978086399987,-0.8775287873536004,7,7,0.2856320000000001,2,38.46153846153847,23.076923076923077,0
134,30,3,2011,Rzeszow,AZS Czestochowa,22.92227631877453,21.98370854483913,21.743079608128895,23.166168803154804,2,4,4,5,0,0,0.46073525286173866,-0.6461845678054785,1.3626390503424004,-0.08984412241919984,4,4,0.6240000000000001,0,74.07407407407408,55.55555555555556,0
135,30,3,2011,Bydgoszcz,Kedzierzyn-Kozle,22.39028069583381,22.27845563174059,24.735065720293832,21.426134513742156,8,3,6,2,1,1,-1.1759748245084531,0.7506140234797732,-1.3483105009664,0.6076072779776003,4,4,-1.2080000000000002,0,33.33333333333333,59.25925925925925,0
136,30,3,2011,Verva Warszawa,Belchatow,21.960916144445704,23.59180154191437,22.755922339108594,20.37528497234988,5,1,10,1,0,1,-0.9646922187912166,2.1132259246465828,-0.23311419228159996,1.9249972699136007,4,4,-1.3040000000000003,0,44.44444444444444,96.29629629629629,1
137,2,4,2011,Rzeszow,Kedzierzyn-Kozle,22.497821055019624,22.672764505392475,21.594463686503115,21.440907610993726,2,3,4,2,0,1,0.16858820228939092,1.0004912187838186,0.8901112402739204,0.8860858223820802,3,3,-0.009599999999999942,2,71.42857142857143,60.71428571428571,0
138,2,4,2011,Jastrzebski,Wielun,23.3165357924196,21.044144632025905,21.373452033934644,23.247056261552444,6,9,3,8,1,0,0.8660596677908796,-1.2526727865963423,0.4524414590975999,-1.2430043242496005,7,7,1.3015680000000003,2,46.15384615384615,26.923076923076923,1
139,2,4,2011,Verva Warszawa,Bydgoszcz,21.728732915556563,22.21222455666705,22.484737871286878,24.63805257623507,5,8,10,6,1,0,-0.5717537750329733,-1.3407798596067626,0.01350864617472003,-1.0797547882086405,3,3,0.4688000000000001,1,46.42857142857143,32.142857142857146,1
140,2,4,2011,Belchatow,AZS Czestochowa,23.1534412335315,21.786966835871304,20.460227977879907,22.692935042523843,1,4,1,5,0,1,1.4905807397172663,-0.3169476542443828,2.149547109416961,0.12812470206464013,3,3,1.4832,2,92.85714285714286,57.14285714285714,1
141,3,4,2011,Rzeszow,Kedzierzyn-Kozle,21.8382568440157,22.17821160431398,21.315570949202492,20.99272608879498,2,3,4,2,0,1,-0.06512943816848726,1.000392975027055,0.5120889922191363,0.9088686579056642,1,1,-0.20767999999999998,2,68.96551724137932,62.06896551724138,1
142,3,4,2011,Belchatow,AZS Czestochowa,23.5227529868252,21.229573468697044,20.168182382303925,23.154348034019076,1,4,1,5,1,0,1.7924645917738131,-0.8535581233955063,2.319637687533569,-0.497500238348288,1,1,1.7865600000000001,2,93.10344827586206,55.172413793103445,1
143,3,4,2011,Verva Warszawa,Bydgoszcz,22.382986332445252,21.16977964533364,21.387790297029504,24.710442060988058,5,8,10,6,1,0,0.14259697997362142,-1.6726238876854103,0.6108069169397761,-1.4638038305669125,1,1,0.9750400000000001,1,48.275862068965516,31.03448275862069,1
144,4,4,2011,Olsztyn,Kielce,22.416956904372082,22.710354450794583,23.010964955450426,22.794337993415265,10,7,7,8,1,0,-0.11995212597144356,-0.1498682711893088,-0.8244193845248002,-0.04693091368960017,7,7,0.17149439999999994,2,25.925925925925924,37.03703703703704,1
145,6,4,2011,AZS Czestochowa,Belchatow,21.683658774957635,23.96820238946016,23.673478427215265,20.83454590584314,4,1,5,1,0,1,-1.082846498716405,1.8339716734190508,-0.46119015202815994,1.3399978159308807,3,3,-1.8292480000000002,2,53.333333333333336,93.33333333333333,0
146,8,4,2011,Kedzierzyn-Kozle,Rzeszow,21.942569283451185,22.47060547521256,21.794180871035987,21.252456759361994,3,2,2,4,0,1,0.20031438002164403,0.5478964494652103,0.6294952840396801,0.22577563795456013,5,5,-0.43385600000000013,2,60.0,70.0,1
147,9,4,2011,Kedzierzyn-Kozle,Rzeszow,22.55405542676095,22.243151046836715,21.702011363495455,22.001965407489596,3,2,2,4,1,0,0.7602515040173153,-0.16168284042783182,1.103596227231744,-0.41937948963635197,1,1,0.25291519999999995,2,61.29032258064516,67.74193548387096,1
148,13,4,2011,Rzeszow,AZS Czestochowa,21.944520837469376,21.54692701996611,22.35157232599168,23.738782741772212,2,4,4,5,0,0,-0.5293462723422655,-1.266277198973124,1.0096711937753091,-0.7980001906786305,4,7,0.2992000000000001,2,65.625,51.61290322580645,1
149,13,4,2011,Kielce,Wielun,22.28828356063567,20.985315705620728,22.555470394732215,23.647645009241955,7,10,8,8,0,0,-0.31989461695144705,-1.402138229277074,-0.39269121753088004,-1.3944034593996806,7,7,-0.3488000000000001,1,35.714285714285715,25.925925925925924,0
150,13,4,2011,Bydgoszcz,Verva Warszawa,21.035823716266915,22.6563890659562,24.51835364879045,21.210232237623604,8,5,6,10,0,1,-1.7380991101483283,0.5140775839788971,-1.4786484007731202,-0.8192974836531202,7,7,-1.1800320000000002,1,30.0,50.0,0
151,14,4,2011,Belchatow,Kedzierzyn-Kozle,23.97456191156813,22.793244341408762,20.86763672467451,21.511609090796362,1,3,1,2,1,1,1.8671773387352406,1.0082012032138523,2.255710150026855,0.12709492632453134,7,5,0.9104000000000001,3,93.54838709677419,62.5,0
152,14,4,2011,Rzeszow,AZS Czestochowa,21.395616669975503,21.237541615972887,21.881257860793344,22.83102619341777,2,4,4,5,1,0,-0.2234770178738124,-1.2130217591784993,1.0077369550202473,-0.8384001525429043,1,1,0.4393600000000001,2,66.66666666666666,50.0,1
153,15,4,2011,Belchatow,Kedzierzyn-Kozle,23.299649529254506,22.59459547312701,21.05410937973961,21.329287272637092,1,3,1,2,0,1,1.2937418709881927,1.0065609625710819,1.604568120021484,0.3016759410596251,1,1,0.5283200000000001,3,90.625,63.63636363636363,1
154,16,4,2011,Wielun,Kielce,20.868252564496586,21.910626848508535,22.998116007393563,22.124376315785774,9,7,8,8,1,0,-0.9217105834216595,-0.4559156935611577,-0.7195793006592002,-0.23754473095168016,3,3,0.47904000000000013,1,28.57142857142857,34.48275862068966,0
155,18,4,2011,AZS Czestochowa,Rzeszow,21.123366626111643,22.18316000264707,23.331487621400882,21.638339621968008,4,2,5,4,0,1,-1.5704174073427994,0.42121838570095016,-0.768952121622528,-0.7355035917090816,4,4,-0.9514880000000001,2,48.484848484848484,67.64705882352942,0
156,20,4,2011,Kedzierzyn-Kozle,Belchatow,22.22567637850161,23.489719623403605,21.913429818109677,20.99328750379169,3,1,2,1,0,1,0.40524877005686555,1.4349934967905544,1.2828769817853953,1.4719982527447049,5,5,-0.8226560000000002,3,61.76470588235294,90.9090909090909,0
157,20,4,2011,Kielce,Wielun,22.528501478806827,20.761268718263935,21.766167719295286,23.398492805914852,7,9,8,8,1,0,0.2352674451510739,-1.3373684667373276,-0.5141529740247041,-0.9155227675197446,4,4,0.21676799999999996,1,36.666666666666664,27.586206896551722,1
158,21,4,2011,Kedzierzyn-Kozle,Belchatow,22.28054110280129,23.591775698722884,22.330743854487743,21.294630003033355,3,1,2,1,0,1,-0.07580098395450757,1.5479947974324437,0.6263015854283164,1.577598602195764,1,1,-1.0581248000000003,3,60.0,91.17647058823529,0
159,28,4,2011,Wielun,Kielce,20.55901497461115,22.972801183045462,23.66879424473188,21.36293417543623,9,7,8,8,0,1,-1.469894773389862,0.5882139561208591,-1.1756634405273603,0.40996421523865595,7,7,-0.5734144,1,26.666666666666668,38.70967741935484,1
160,1,5,2011,Kielce,Wielun,22.478240946436372,21.14721197968892,21.790347340348983,23.035035395785506,7,9,8,8,0,1,0.0705711648966873,-0.7759158187118896,-0.011322379219763257,-1.1324182140157957,3,3,0.05873151999999998,1,37.5,29.03225806451613,1
161,4,5,2011,Wielun,Kielce,21.3844362504178,23.1825927571491,23.628028316628406,21.898944538945855,9,7,8,8,0,1,-1.2207326549695119,0.6564569319173499,-0.5405307524218882,-0.07202862780907526,3,3,-0.646985216,1,28.125,39.39393939393939,0
